"cod_reg","cod_prov","provincia","ar_kmq","ar_id_p3","ar_id_p2","ar_id_p1","aridp3_p","aridp2_p","aridp1_p","pop_res011","pop_gio","pop_gio_p","pop_adu","pop_adu_p","pop_anz","pop_anz_p","pop_idr_p3","pop_idr_p2","pop_idr_p1","popidp3_p","popidp2_p","popidp1_p","fam_tot","fam_idr_p3","fam_idr_p2","fam_idr_p1","famidp3_p","famidp2_p","famidp1_p","ed_tot","ed_idr_p3","ed_idr_p2","ed_idr_p1","edidp3_p","edidp2_p","edidp1_p","im_tot","im_idr_p3","im_idr_p2","im_idr_p1","imidp3_p","imidp2_p","imidp1_p","n_vir","bbcc_id_p3","bbcc_id_p2","bbcc_id_p1","bbccidp3_p","bbccidp2_p","bbccidp1_p","ar_fr_p4","ar_fr_p3","ar_fr_p2","ar_fr_p1","ar_fr_aa","ar_fr_p3p4","ar_frp4_p","ar_frp3_p","ar_frp2_p","ar_frp1_p","ar_fraa_p","ar_frp3p4p","pop_fr_p4","pop_fr_p3","pop_fr_p2","pop_fr_p1","pop_fr_aa","popfr_p3p4","popfrp4_p","popfrp3_p","popfrp2_p","popfrp1_p","popfraa_p","popfrp3p4p","fam_fr_p4","fam_fr_p3","fam_fr_p2","fam_fr_p1","fam_fr_aa","famfr_p3p4","famfrp4_p","famfrp3_p","famfrp2_p","famfrp1_p","famfraa_p","famfrp3p4p","ed_fr_p4","ed_fr_p3","ed_fr_p2","ed_fr_p1","ed_fr_aa","ed_fr_p3p4","edfrp4_p","edfrp3_p","edfrp2_p","edfrp1_p","edfraa_p","edfrp3p4p","im_fr_p4","im_fr_p3","im_fr_p2","im_fr_p1","im_fr_aa","imfr_p3p4","imfrp4_p","imfrp3_p","imfrp2_p","imfrp1_p","imfraa_p","imfrp3p4p","bbcc_fr_p4","bbcc_fr_p3","bbcc_fr_p2","bbcc_fr_p1","bbcc_fr_aa","bbccfrp3p4","bbccfrp4_p","bbccfrp3_p","bbccfrp2_p","bbccfrp1_p","bbccfraa_p","bbccfrp34p"
1,1,"Citta metropolitana di Torino",6826.908,273.741,611.237,946.233,4.01,8.953,13.86,2247780,295167,13.131,1431982,63.707,520631,23.162,19962,116634,344109,0.888,5.189,15.309,1014190,8913,51617,151808,0.879,5.089,14.968,400927,6880,29045,72555,1.716,7.244,18.097,190866,2108,9723,27158,1.104,5.094,14.229,4848,189,450,909,3.899,9.282,18.75,260.533,338.383,34.962,0,0,598.916,3.816,4.957,0.512,0,0,8.773,14473,19055,19398,0,0,33528,0.644,0.848,0.863,0,0,1.492,6907,8881,8865,0,0,15788,0.681,0.876,0.874,0,0,1.557,10040,9486,7389,0,0,19526,2.504,2.366,1.843,0,0,4.87,1043,1447,1242,0,0,2490,0.546,0.758,0.651,0,0,1.305,137,139,121,0,0,276,2.826,2.867,2.496,0,0,5.693
1,2,"Provincia di Vercelli",2081.602,96.448,169.262,358.419,4.633,8.131,17.218,176941,20981,11.858,111563,63.051,44397,25.091,2915,7704,45964,1.647,4.354,25.977,79636,1349,3513,20469,1.694,4.411,25.703,59809,1296,3097,13971,2.167,5.178,23.359,13914,307,708,3337,2.206,5.088,23.983,1242,68,102,308,5.475,8.213,24.799,27.303,16.673,13.481,0,0,43.976,1.312,0.801,0.648,0,0,2.113,440,1485,1056,0,0,1925,0.249,0.839,0.597,0,0,1.088,235,686,529,0,0,921,0.295,0.861,0.664,0,0,1.157,634,737,981,0,0,1371,1.06,1.232,1.64,0,0,2.292,35,139,97,0,0,174,0.252,0.999,0.697,0,0,1.251,23,32,35,0,0,55,1.852,2.576,2.818,0,0,4.428
1,3,"Provincia di Novara",1340.25,84.395,142.328,283.619,6.297,10.62,21.162,365559,49034,13.413,237221,64.893,79304,21.694,3291,8003,34518,0.9,2.189,9.443,158596,1449,3582,14864,0.914,2.259,9.372,96509,1065,2729,10303,1.104,2.828,10.676,29392,392,897,3043,1.334,3.052,10.353,1590,19,51,200,1.195,3.208,12.579,1.995,1.016,2.619,0,0,3.011,0.149,0.076,0.195,0,0,0.225,943,674,1888,0,0,1617,0.258,0.184,0.516,0,0,0.442,433,310,861,0,0,743,0.273,0.195,0.543,0,0,0.468,369,335,826,0,0,704,0.382,0.347,0.856,0,0,0.729,65,58,153,0,0,123,0.221,0.197,0.521,0,0,0.418,7,8,21,0,0,15,0.44,0.503,1.321,0,0,0.943
1,4,"Provincia di Cuneo",6894.828,270.392,451.407,597.081,3.922,6.547,8.66,586378,81371,13.877,373510,63.698,131497,22.425,18068,31871,81722,3.081,5.435,13.937,251924,7682,13346,34863,3.049,5.298,13.839,211098,6580,12275,26343,3.117,5.815,12.479,51877,1710,2885,7274,3.296,5.561,14.022,2872,148,338,634,5.153,11.769,22.075,219,273.194,34.133,0.129,0,492.194,3.176,3.962,0.495,0.002,0,7.139,4487,6142,6946,0,0,10629,0.765,1.047,1.185,0,0,1.813,2054,2696,3264,0,0,4750,0.815,1.07,1.296,0,0,1.885,3714,4098,4664,1,0,7812,1.759,1.941,2.209,0,0,3.701,321,412,502,0,0,733,0.619,0.794,0.968,0,0,1.413,86,66,93,0,0,152,2.994,2.298,3.238,0,0,5.292
1,5,"Provincia di Asti",1510.17,94.048,116.665,165.517,6.228,7.725,10.96,217573,27932,12.838,136646,62.805,52995,24.357,3598,5014,35475,1.654,2.305,16.305,95842,1500,2071,15664,1.565,2.161,16.344,79480,1500,2047,8029,1.887,2.575,10.102,17966,387,553,3734,2.154,3.078,20.784,638,10,10,81,1.567,1.567,12.696,33.563,56.168,2.418,0,0,89.731,2.222,3.719,0.16,0,0,5.942,1409,1940,76,0,0,3349,0.648,0.892,0.035,0,0,1.539,614,844,34,0,0,1458,0.641,0.881,0.035,0,0,1.521,788,1140,46,0,0,1928,0.991,1.434,0.058,0,0,2.426,83,124,4,0,0,207,0.462,0.69,0.022,0,0,1.152,13,7,1,0,0,20,2.038,1.097,0.157,0,0,3.135
1,6,"Provincia di Alessandria",3558.785,327.425,423.857,693.326,9.2,11.91,19.482,427229,48670,11.392,265412,62.124,113147,26.484,7398,13661,72860,1.732,3.198,17.054,197892,3340,6137,33087,1.688,3.101,16.72,151081,3266,6070,23128,2.162,4.018,15.308,35584,616,1095,6390,1.731,3.077,17.958,1497,60,97,233,4.008,6.48,15.564,95.413,133.58,0.361,0.02,0,228.993,2.681,3.754,0.01,0.001,0,6.435,2156,3044,8,0,0,5200,0.505,0.712,0.002,0,0,1.217,1089,1556,4,0,0,2645,0.55,0.786,0.002,0,0,1.337,2441,2802,5,0,0,5243,1.616,1.855,0.003,0,0,3.47,124,186,0,0,0,310,0.348,0.523,0,0,0,0.871,34,24,0,0,0,58,2.271,1.603,0,0,0,3.874
2,7,"Provincia di Aosta",3260.854,163.879,238.498,300.844,5.026,7.314,9.226,126806,17727,13.98,82021,64.682,27058,21.338,4587,11508,51373,3.617,9.075,40.513,59370,2137,5323,23824,3.599,8.966,40.128,58978,2762,6535,22135,4.683,11.08,37.531,12876,567,1192,5262,4.404,9.258,40.867,348,31,45,89,8.908,12.931,25.575,1451.224,1220.465,424.226,0,0,2671.689,44.504,37.428,13.01,0,0,81.932,4925,10405,45772,0,0,15330,3.884,8.205,36.096,0,0,12.089,2300,4872,21644,0,0,7172,3.874,8.206,36.456,0,0,12.08,3800,7748,29853,0,0,11548,6.443,13.137,50.617,0,0,19.58,707,1218,3956,0,0,1925,5.491,9.459,30.724,0,0,14.95,25,90,137,0,0,115,7.184,25.862,39.368,0,0,33.046
7,8,"Provincia di Imperia",1154.76,12.137,16.501,20.273,1.051,1.429,1.756,214502,25015,11.662,132187,61.625,57300,26.713,16142,30138,39988,7.525,14.05,18.642,101287,7906,14541,19340,7.806,14.356,19.094,68509,3827,6218,7992,5.586,9.076,11.666,19628,2823,4746,6216,14.383,24.18,31.669,2615,384,517,590,14.685,19.771,22.562,10,112.02,574.318,364.239,0,122.02,0.866,9.701,49.735,31.542,0,10.567,821,8474,86179,44248,0,9295,0.383,3.951,40.176,20.628,0,4.333,394,3994,40185,20703,0,4388,0.389,3.943,39.674,20.44,0,4.332,574,4728,31925,17734,0,5302,0.838,6.901,46.6,25.886,0,7.739,48,486,4524,3220,0,534,0.245,2.476,23.049,16.405,0,2.721,12,121,1078,898,0,133,0.459,4.627,41.224,34.34,0,5.086
7,9,"Provincia di Savona",1546.266,28.838,39.016,55.335,1.865,2.523,3.579,281028,32250,11.476,170131,60.539,78647,27.985,37604,59762,92874,13.381,21.265,33.048,138462,19108,30279,46808,13.8,21.868,33.806,70951,6006,8911,13523,8.465,12.559,19.06,27941,4757,8573,12819,17.025,30.683,45.879,2761,607,891,1160,21.985,32.271,42.014,12.143,99.547,317.391,309.256,0,111.69,0.785,6.438,20.526,20,0,7.223,742,9197,39798,46758,0,9939,0.264,3.273,14.162,16.638,0,3.537,364,4410,19293,22536,0,4774,0.263,3.185,13.934,16.276,0,3.448,349,3523,14942,13266,0,3872,0.492,4.965,21.06,18.697,0,5.457,47,541,2583,3267,0,588,0.168,1.936,9.244,11.692,0,2.104,9,103,379,668,0,112,0.326,3.731,13.727,24.194,0,4.057
7,10,"Provincia di Genova",1833.747,27.811,35.985,46.025,1.517,1.962,2.51,855834,98518,11.511,521340,60.916,235976,27.573,87273,135696,179829,10.197,15.855,21.012,416807,43398,67635,89317,10.412,16.227,21.429,118243,9280,13536,17833,7.848,11.448,15.082,74229,14936,21452,25823,20.122,28.9,34.788,5832,1004,1524,1709,17.215,26.132,29.304,55.642,400.097,426.97,218.197,1.502,455.739,3.034,21.819,23.284,11.899,0.082,24.853,5138,61141,155902,344953,493,66279,0.6,7.144,18.216,40.306,0.058,7.744,2614,29363,74776,168039,257,31977,0.627,7.045,17.94,40.316,0.062,7.672,2843,17829,25977,32421,227,20672,2.404,15.078,21.969,27.419,0.192,17.483,287,3147,15553,23800,48,3434,0.387,4.24,20.953,32.063,0.065,4.626,63,322,1082,3014,11,385,1.08,5.521,18.553,51.68,0.189,6.602
7,11,"Provincia di La Spezia",881.379,46.71,64.363,70.4,5.3,7.303,7.987,219330,25047,11.42,135189,61.637,59094,26.943,23878,47987,53071,10.887,21.879,24.197,101605,10897,21960,24172,10.725,21.613,23.79,56553,5476,9585,11011,9.683,16.949,19.47,18939,3093,5699,6165,16.331,30.091,32.552,1400,242,331,365,17.286,23.643,26.071,25.482,50.952,116.447,51.694,0,76.434,2.891,5.781,13.212,5.865,0,8.672,1766,5873,22574,28936,0,7639,0.805,2.678,10.292,13.193,0,3.483,893,2851,10748,13813,0,3744,0.879,2.806,10.578,13.595,0,3.685,810,2723,7665,6411,0,3533,1.432,4.815,13.554,11.336,0,6.247,148,283,1246,1928,0,431,0.781,1.494,6.579,10.18,0,2.276,46,62,187,284,0,108,3.286,4.429,13.357,20.286,0,7.714
3,12,"Provincia di Varese",1198.243,130.018,156.566,192.178,10.851,13.066,16.038,871886,121914,13.983,564184,64.708,185788,21.309,9285,19145,63745,1.065,2.196,7.311,367453,4029,8342,27463,1.096,2.27,7.474,192582,2274,4475,15014,1.181,2.324,7.796,72129,946,1979,6672,1.312,2.744,9.25,1224,52,77,180,4.248,6.291,14.706,17.205,6.805,22.857,0,0,24.01,1.436,0.568,1.908,0,0,2.004,1476,1253,17329,0,0,2729,0.169,0.144,1.988,0,0,0.313,639,549,7458,0,0,1188,0.174,0.149,2.03,0,0,0.323,546,386,5569,0,0,932,0.284,0.2,2.892,0,0,0.484,94,92,1043,0,0,186,0.13,0.128,1.446,0,0,0.258,10,7,41,0,0,17,0.817,0.572,3.35,0,0,1.389
3,13,"Provincia di Como",1279.019,117.575,128.773,145.502,9.193,10.068,11.376,586735,83392,14.213,383609,65.38,119734,20.407,4205,9839,36299,0.717,1.677,6.187,245455,1847,4475,16227,0.752,1.823,6.611,141890,1694,3057,10703,1.194,2.154,7.543,50075,403,1728,4734,0.805,3.451,9.454,1466,144,243,392,9.823,16.576,26.739,41.218,62.418,47.561,0,0,103.636,3.223,4.88,3.719,0,0,8.103,3472,3005,23493,0,0,6477,0.592,0.512,4.004,0,0,1.104,1502,1325,10426,0,0,2827,0.612,0.54,4.248,0,0,1.152,1345,1947,9347,0,0,3292,0.948,1.372,6.587,0,0,2.32,193,194,2014,0,0,387,0.385,0.387,4.022,0,0,0.773,38,40,148,0,0,78,2.592,2.729,10.095,0,0,5.321
3,14,"Provincia di Sondrio",3195.683,115.336,151.012,286.671,3.609,4.725,8.971,180814,25009,13.831,118456,65.513,37349,20.656,4344,9028,120926,2.402,4.993,66.879,76483,1830,3770,50894,2.393,4.929,66.543,83399,2005,3557,40220,2.404,4.265,48.226,15229,449,875,10512,2.948,5.746,69.026,989,86,92,536,8.696,9.302,54.196,203.802,260.651,220.409,0.052,0,464.453,6.377,8.156,6.897,0.002,0,14.534,2639,3278,99860,0,0,5917,1.46,1.813,55.228,0,0,3.272,1116,1346,42391,0,0,2462,1.459,1.76,55.425,0,0,3.219,1695,2067,32960,0,0,3762,2.032,2.478,39.521,0,0,4.511,266,268,8382,0,0,534,1.747,1.76,55.04,0,0,3.506,20,29,449,0,0,49,2.022,2.932,45.399,0,0,4.954
3,15,"Citta metropolitana di Milano",1575.488,62.673,105.907,171.866,3.978,6.722,10.909,3038420,418999,13.79,1951776,64.237,667645,21.973,46139,115428,272729,1.519,3.799,8.976,1373836,22177,53670,123774,1.614,3.907,9.009,286375,4434,10810,24697,1.548,3.775,8.624,322882,4945,11313,24948,1.532,3.504,7.727,3696,87,146,284,2.354,3.95,7.684,0.021,0,0,0,0,0.021,0.001,0,0,0,0,0.001,20,0,0,0,0,20,0.001,0,0,0,0,0.001,9,0,0,0,0,9,0.001,0,0,0,0,0.001,3,0,0,0,0,3,0.001,0,0,0,0,0.001,1,0,0,0,0,1,0,0,0,0,0,0,0,0,0,0,0,0,0,0,0,0,0,0
3,16,"Provincia di Bergamo",2754.864,117.224,154.644,211.433,4.255,5.613,7.675,1088284,169691,15.593,719288,66.094,199305,18.314,27520,51428,117599,2.529,4.726,10.806,444727,11294,20999,48525,2.54,4.722,10.911,208942,5324,10299,24258,2.548,4.929,11.61,94786,2694,4740,10356,2.842,5.001,10.926,2722,138,202,423,5.07,7.421,15.54,250.88,94.912,51.059,0,0,345.792,9.107,3.445,1.853,0,0,12.552,3566,6247,31944,0,0,9813,0.328,0.574,2.935,0,0,0.902,1518,2690,13401,0,0,4208,0.341,0.605,3.013,0,0,0.946,1580,2803,8936,0,0,4383,0.756,1.342,4.277,0,0,2.098,334,517,2309,0,0,851,0.352,0.545,2.436,0,0,0.898,45,47,213,0,0,92,1.653,1.727,7.825,0,0,3.38
3,17,"Provincia di Brescia",4785.482,375.934,434.304,615.556,7.856,9.075,12.863,1238044,189547,15.31,811615,65.556,236882,19.134,40738,66492,253288,3.291,5.371,20.459,513579,16897,27549,108503,3.29,5.364,21.127,267275,8768,14427,48818,3.281,5.398,18.265,112810,4139,6550,23257,3.669,5.806,20.616,3321,240,334,718,7.227,10.057,21.62,233.402,162.735,142.919,0.786,0,396.137,4.877,3.401,2.987,0.016,0,8.278,5918,7226,76744,0,0,13144,0.478,0.584,6.199,0,0,1.062,2500,3124,32511,0,0,5624,0.487,0.608,6.33,0,0,1.095,2434,3268,21739,0,0,5702,0.911,1.223,8.134,0,0,2.133,503,746,6235,0,0,1249,0.446,0.661,5.527,0,0,1.107,38,66,349,0,0,104,1.144,1.987,10.509,0,0,3.132
3,18,"Provincia di Pavia",2968.585,298.073,376.219,699.258,10.041,12.673,23.555,535822,67581,12.613,344861,64.361,123380,23.026,5317,11625,55285,0.992,2.17,10.318,238326,2359,5056,24535,0.99,2.121,10.295,162394,1856,4377,20702,1.143,2.695,12.748,42305,535,963,3908,1.265,2.276,9.238,1591,36,62,187,2.263,3.897,11.754,61.523,93.355,39.685,0,0,154.878,2.072,3.145,1.337,0,0,5.217,638,1393,3400,0,0,2031,0.119,0.26,0.635,0,0,0.379,312,680,1668,0,0,992,0.131,0.285,0.7,0,0,0.416,516,1202,2414,0,0,1718,0.318,0.74,1.487,0,0,1.058,50,109,245,0,0,159,0.118,0.258,0.579,0,0,0.376,6,11,20,0,0,17,0.377,0.691,1.257,0,0,1.069
3,19,"Provincia di Cremona",1770.407,174.013,267.889,641.486,9.829,15.131,36.234,357623,47808,13.368,230937,64.576,78878,22.056,19057,52786,103345,5.329,14.76,28.898,149836,8102,22887,43655,5.407,15.275,29.135,84845,4732,11823,25753,5.577,13.935,30.353,27495,1318,3815,7622,4.794,13.875,27.721,798,34,127,253,4.261,15.915,31.704,0,0,0,0,0,0,0,0,0,0,0,0,0,0,0,0,0,0,0,0,0,0,0,0,0,0,0,0,0,0,0,0,0,0,0,0,0,0,0,0,0,0,0,0,0,0,0,0,0,0,0,0,0,0,0,0,0,0,0,0,0,0,0,0,0,0,0,0,0,0,0,0
3,20,"Provincia di Mantova",2341.353,320.965,420.959,1465.029,13.709,17.979,62.572,408336,56376,13.806,262563,64.301,89397,21.893,33316,52129,234045,8.159,12.766,57.317,166602,14010,21541,97156,8.409,12.93,58.316,108624,8341,13681,64309,7.679,12.595,59.203,32712,2529,3827,18658,7.731,11.699,57.037,1074,80,113,773,7.449,10.521,71.974,0,0,0,0,0,0,0,0,0,0,0,0,0,0,0,0,0,0,0,0,0,0,0,0,0,0,0,0,0,0,0,0,0,0,0,0,0,0,0,0,0,0,0,0,0,0,0,0,0,0,0,0,0,0,0,0,0,0,0,0,0,0,0,0,0,0,0,0,0,0,0,0
4,21,"Provincia autonoma di Bolzano",7397.857,0.026,70.913,70.913,0,0.959,0.959,504643,83254,16.498,328872,65.169,92517,18.333,-1,49489,49489,-1,9.807,9.807,204416,-1,21197,21197,-1,10.37,10.37,91341,-1,7450,7450,-1,8.156,8.156,46666,-1,5080,5080,-1,10.886,10.886,888,-1,35,35,-1,3.941,3.941,143.252,78.272,63.183,9.396,0.086,221.524,1.936,1.058,0.854,0.127,0.001,2.994,4402,7274,6963,152,0,11676,0.872,1.441,1.38,0.03,0,2.314,1682,2833,2690,55,0,4515,0.823,1.386,1.316,0.027,0,2.209,968,1603,1717,57,0,2571,1.06,1.755,1.88,0.062,0,2.815,362,566,507,9,0,928,0.776,1.213,1.086,0.019,0,1.989,31,32,59,0,0,63,3.491,3.604,6.644,0,0,7.095
4,22,"Provincia autonoma di Trento",6206.864,0.617,280.332,280.365,0.01,4.516,4.517,524832,80796,15.395,340127,64.807,103909,19.799,10,136121,136121,0.002,25.936,25.936,222572,5,57516,57516,0.002,25.842,25.842,145889,6,33253,33253,0.004,22.793,22.793,44948,4,12631,12631,0.009,28.101,28.101,882,0,172,172,0,19.501,19.501,0.135,1279.403,1535.868,1213.205,0.029,1279.538,0.002,20.613,24.745,19.546,0,20.615,11,10284,35844,69723,0,10295,0.002,1.959,6.83,13.285,0,1.962,7,4354,15098,29349,0,4361,0.003,1.956,6.783,13.186,0,1.959,6,5075,13177,21406,0,5081,0.004,3.479,9.032,14.673,0,3.483,0,1031,3041,5784,0,1031,0,2.294,6.766,12.868,0,2.294,0,129,192,183,0,129,0,14.626,21.769,20.748,0,14.626
5,23,"Provincia di Verona",3096.28,281.25,296.224,535.458,9.083,9.567,17.294,900542,131974,14.655,586862,65.168,181706,20.177,42482,48342,79339,4.717,5.368,8.81,369765,17768,20174,32853,4.805,5.456,8.885,199786,7241,8372,16489,3.624,4.19,8.253,81987,3860,4438,6653,4.708,5.413,8.115,4368,406,420,538,9.295,9.615,12.317,13.977,4.293,2.3,1.354,0.007,18.27,0.451,0.139,0.074,0.044,0,0.59,446,561,675,105,0,1007,0.05,0.062,0.075,0.012,0,0.112,187,238,281,41,0,425,0.051,0.064,0.076,0.011,0,0.115,253,241,316,47,0,494,0.127,0.121,0.158,0.024,0,0.247,70,44,116,3,0,114,0.085,0.054,0.141,0.004,0,0.139,12,5,6,1,0,17,0.275,0.114,0.137,0.023,0,0.389
5,24,"Provincia di Vicenza",2722.449,77.078,126.943,239.977,2.831,4.663,8.815,859205,131162,15.266,561671,65.371,166372,19.363,28012,59825,119443,3.26,6.963,13.902,343578,11887,24742,49479,3.46,7.201,14.401,225744,6650,14663,26372,2.946,6.495,11.682,77023,2685,4915,11293,3.486,6.381,14.662,3232,279,377,664,8.632,11.665,20.545,9.026,10.305,5.338,4.027,31.121,19.331,0.332,0.379,0.196,0.148,1.143,0.71,681,1630,1164,376,1895,2311,0.079,0.19,0.135,0.044,0.221,0.269,288,687,468,154,755,975,0.084,0.2,0.136,0.045,0.22,0.284,389,903,504,181,976,1292,0.172,0.4,0.223,0.08,0.432,0.572,32,75,48,28,98,107,0.042,0.097,0.062,0.036,0.127,0.139,7,9,4,1,16,16,0.217,0.278,0.124,0.031,0.495,0.495
5,25,"Provincia di Belluno",3609.982,124.347,248.877,256.683,3.445,6.894,7.11,208695,26413,12.656,133213,63.831,49069,23.512,6163,7466,9712,2.953,3.577,4.654,93061,2800,3402,4403,3.009,3.656,4.731,83655,2558,3360,4272,3.058,4.016,5.107,16445,596,720,1077,3.624,4.378,6.549,2981,128,146,165,4.294,4.898,5.535,27.765,55.899,23.676,20.671,219.369,83.664,0.769,1.548,0.656,0.573,6.077,2.318,541,2202,4027,2174,3313,2743,0.259,1.055,1.93,1.042,1.587,1.314,253,997,1837,1008,1514,1250,0.272,1.071,1.974,1.083,1.627,1.343,322,1195,1591,749,1703,1517,0.385,1.428,1.902,0.895,2.036,1.813,43,159,271,249,246,202,0.261,0.967,1.648,1.514,1.496,1.228,17,27,37,27,72,44,0.57,0.906,1.241,0.906,2.415,1.476
5,26,"Provincia di Treviso",2479.795,266.604,311.359,577.106,10.751,12.556,23.272,876790,133220,15.194,572677,65.315,170893,19.491,59873,67733,145072,6.829,7.725,16.546,347883,23215,26160,56323,6.673,7.52,16.19,226366,13991,15951,35123,6.181,7.047,15.516,78405,5088,5654,12770,6.489,7.211,16.287,4146,427,452,815,10.299,10.902,19.658,0.863,1.404,0.27,2.964,4.775,2.267,0.035,0.057,0.011,0.12,0.193,0.091,58,152,67,694,370,210,0.007,0.017,0.008,0.079,0.042,0.024,24,65,25,293,152,89,0.007,0.019,0.007,0.084,0.044,0.026,34,69,38,334,151,103,0.015,0.03,0.017,0.148,0.067,0.046,3,6,2,34,22,9,0.004,0.008,0.003,0.043,0.028,0.011,22,3,1,0,1,25,0.531,0.072,0.024,0,0.024,0.603
5,27,"Citta metropolitana di Venezia",2472.882,575.912,723.005,1631.256,23.289,29.237,65.966,846962,111891,13.211,545834,64.446,189237,22.343,153432,194976,623651,18.116,23.021,73.634,360501,67994,84421,268001,18.861,23.418,74.341,185552,35890,46603,135976,19.342,25.116,73.282,73452,16004,19287,54735,21.788,26.258,74.518,6087,3490,3572,4508,57.335,58.682,74.059,0,0,0,0,0,0,0,0,0,0,0,0,0,0,0,0,0,0,0,0,0,0,0,0,0,0,0,0,0,0,0,0,0,0,0,0,0,0,0,0,0,0,0,0,0,0,0,0,0,0,0,0,0,0,0,0,0,0,0,0,0,0,0,0,0,0,0,0,0,0,0,0
5,28,"Provincia di Padova",2144.122,296.394,421.393,856.676,13.824,19.653,39.955,921361,129741,14.081,605101,65.675,186519,20.244,128893,181851,340488,13.989,19.737,36.955,371114,53520,74818,138092,14.421,20.16,37.21,224519,28498,40836,79223,12.693,18.188,35.286,91389,12287,18031,34374,13.445,19.73,37.613,3610,382,480,918,10.582,13.296,25.429,0.071,2.185,2.893,0.733,5.647,2.256,0.003,0.102,0.135,0.034,0.263,0.105,4,319,429,50,605,323,0,0.035,0.047,0.005,0.066,0.035,2,128,162,20,234,130,0.001,0.034,0.044,0.005,0.063,0.035,2,116,157,21,237,118,0.001,0.052,0.07,0.009,0.106,0.053,0,18,22,2,45,18,0,0.02,0.024,0.002,0.049,0.02,0,5,3,1,13,5,0,0.139,0.083,0.028,0.36,0.139
5,29,"Provincia di Rovigo",1819.858,214.351,307.74,1803.315,11.778,16.91,99.091,242349,27606,11.391,158636,65.458,56107,23.151,3804,7938,240289,1.57,3.275,99.15,100499,1520,3187,99724,1.512,3.171,99.229,81147,1413,2924,80435,1.741,3.603,99.123,21711,592,1121,21559,2.727,5.163,99.3,1203,45,76,1095,3.741,6.318,91.022,0,0,0,0,0,0,0,0,0,0,0,0,0,0,0,0,0,0,0,0,0,0,0,0,0,0,0,0,0,0,0,0,0,0,0,0,0,0,0,0,0,0,0,0,0,0,0,0,0,0,0,0,0,0,0,0,0,0,0,0,0,0,0,0,0,0,0,0,0,0,0,0
6,30,"Unità non amministrativa di Udine",4969.229,381.264,743.399,1096.788,7.672,14.96,22.072,536736,66906,12.465,343278,63.957,126552,23.578,27041,79935,148263,5.038,14.893,27.623,238812,12322,34618,64277,5.16,14.496,26.915,179710,8284,26194,50703,4.61,14.576,28.214,45511,3540,7599,13617,7.778,16.697,29.92,2644,317,487,893,11.989,18.419,33.775,117.629,29.845,8.696,3.555,6.815,147.474,2.367,0.601,0.175,0.072,0.137,2.968,1484,1937,2024,329,0,3421,0.276,0.361,0.377,0.061,0,0.637,717,930,924,166,0,1647,0.3,0.389,0.387,0.07,0,0.69,870,1279,1139,218,0,2149,0.484,0.712,0.634,0.121,0,1.196,159,113,137,20,0,272,0.349,0.248,0.301,0.044,0,0.598,37,35,20,2,0,72,1.399,1.324,0.756,0.076,0,2.723
6,31,"Unità non amministrativa di Gorizia",475.396,104.512,126.276,180.038,21.984,26.562,37.871,140143,17298,12.343,87319,62.307,35526,25.35,11000,15384,30424,7.849,10.977,21.709,64599,5136,7221,14112,7.951,11.178,21.846,35744,3071,4286,8737,8.592,11.991,24.443,9787,975,1349,2399,9.962,13.784,24.512,1003,161,213,308,16.052,21.236,30.708,0.191,1.202,0.49,0.002,0,1.393,0.04,0.253,0.103,0,0,0.293,2,35,28,0,0,37,0.001,0.025,0.02,0,0,0.026,1,14,10,0,0,15,0.002,0.022,0.015,0,0,0.023,1,15,17,0,0,16,0.003,0.042,0.048,0,0,0.045,0,2,1,0,0,2,0,0.02,0.01,0,0,0.02,2,11,2,0,0,13,0.199,1.097,0.199,0,0,1.296
6,32,"Unità non amministrativa di Trieste",212.504,1.613,2.161,5.965,0.759,1.017,2.807,232601,26281,11.299,141331,60.761,64989,27.94,1281,2119,5683,0.551,0.911,2.443,115641,628,1051,2755,0.543,0.909,2.382,36903,434,619,1312,1.176,1.677,3.555,16587,323,794,2402,1.947,4.787,14.481,1460,45,107,238,3.082,7.329,16.301,0.89,0.454,0.072,0.044,0,1.344,0.419,0.214,0.034,0.021,0,0.632,85,570,82,107,0,655,0.037,0.245,0.035,0.046,0,0.282,40,307,43,55,0,347,0.035,0.265,0.037,0.048,0,0.3,41,98,20,27,0,139,0.111,0.266,0.054,0.073,0,0.377,12,36,4,3,0,48,0.072,0.217,0.024,0.018,0,0.289,5,4,1,5,0,9,0.342,0.274,0.068,0.342,0,0.616
8,33,"Provincia di Piacenza",2585.765,183.868,602.062,643.465,7.111,23.284,24.885,284616,36190,12.715,179100,62.927,69326,24.358,9022,143187,154382,3.17,50.309,54.242,126585,3909,63858,68855,3.088,50.447,54.394,89382,2869,29589,32977,3.21,33.104,36.894,25917,690,14812,16009,2.662,57.152,61.77,2251,80,1087,1193,3.554,48.29,52.999,100.224,353.588,4.791,0,0,453.812,3.876,13.674,0.185,0,0,17.55,1152,6575,1623,0,0,7727,0.405,2.31,0.57,0,0,2.715,613,3555,726,0,0,4168,0.484,2.808,0.574,0,0,3.293,1279,8259,682,0,0,9538,1.431,9.24,0.763,0,0,10.671,91,505,139,0,0,596,0.351,1.949,0.536,0,0,2.3,8,102,25,0,0,110,0.355,4.531,1.111,0,0,4.887
8,34,"Provincia di Parma",3447.4,347.911,866.689,962.197,10.092,25.14,27.911,427434,56103,13.126,272518,63.757,98813,23.118,27966,167281,250497,6.543,39.136,58.605,192422,11891,73633,112203,6.18,38.266,58.311,106719,7149,35262,47817,6.699,33.042,44.806,41760,2871,18016,25992,6.875,43.142,62.241,2654,339,1445,1642,12.773,54.446,61.869,214.708,397.964,104.677,0.042,0,612.672,6.228,11.544,3.036,0.001,0,17.772,4915,9940,3346,0,0,14855,1.15,2.326,0.783,0,0,3.475,2316,4872,1631,0,0,7188,1.204,2.532,0.848,0,0,3.736,3065,7673,2100,0,0,10738,2.872,7.19,1.968,0,0,10.062,524,722,251,0,0,1246,1.255,1.729,0.601,0,0,2.984,73,80,24,0,0,153,2.751,3.014,0.904,0,0,5.765
8,35,"Provincia di Reggio nell'Emilia",2291.145,136.94,1059.805,1167.168,5.977,46.257,50.943,517316,78824,15.237,333836,64.532,104656,20.231,8464,411658,445527,1.636,79.576,86.123,215718,3325,171597,184804,1.541,79.547,85.669,114048,2175,77430,85465,1.907,67.892,74.938,44954,701,36644,39019,1.559,81.514,86.798,4074,280,2665,3800,6.873,65.415,93.274,135.088,181.3,3.136,0.164,0,316.388,5.896,7.913,0.137,0.007,0,13.809,2512,8230,977,0,0,10742,0.486,1.591,0.189,0,0,2.076,1090,3731,408,0,0,4821,0.505,1.73,0.189,0,0,2.235,1400,4916,353,0,0,6316,1.228,4.31,0.31,0,0,5.538,221,639,62,0,0,860,0.492,1.421,0.138,0,0,1.913,16,41,3,0,0,57,0.393,1.006,0.074,0,0,1.399
8,36,"Provincia di Modena",2687.882,164.457,1109.119,1225.147,6.118,41.264,45.58,685777,98058,14.299,440911,64.294,146808,21.408,21163,365270,484911,3.086,53.264,70.71,289600,8573,149497,203719,2.96,51.622,70.345,140282,4583,71180,86407,3.267,50.741,61.595,57924,1228,26348,40835,2.12,45.487,70.498,1812,113,1024,1445,6.236,56.512,79.746,86.608,275.54,49.956,4.385,13.002,362.148,3.222,10.251,1.859,0.163,0.484,13.473,2325,9147,3186,2174,419,11472,0.339,1.334,0.465,0.317,0.061,1.673,1052,4325,1468,1012,183,5377,0.363,1.493,0.507,0.349,0.063,1.857,1410,6538,1892,813,195,7948,1.005,4.661,1.349,0.58,0.139,5.666,184,792,281,209,27,976,0.318,1.367,0.485,0.361,0.047,1.685,6,62,30,12,3,68,0.331,3.422,1.656,0.662,0.166,3.753
8,37,"Citta metropolitana di Bologna",3702.249,496.723,1852.865,1860.539,13.417,50.047,50.254,976243,126631,12.971,615271,63.024,234341,24.004,92350,547506,578927,9.46,56.083,59.302,460190,39949,249931,265438,8.681,54.31,57.68,146509,15866,78371,80148,10.829,53.492,54.705,94748,7551,49069,51081,7.97,51.789,53.912,3923,387,1622,1649,9.865,41.346,42.034,34.259,446.76,21.084,86.582,599.49,481.019,0.925,12.067,0.569,2.339,16.193,12.993,1647,11274,3825,23780,51643,12921,0.169,1.155,0.392,2.436,5.29,1.324,764,5161,1700,10976,23361,5925,0.166,1.121,0.369,2.385,5.076,1.288,723,5563,1464,8539,16258,6286,0.493,3.797,0.999,5.828,11.097,4.291,128,929,281,1798,4441,1057,0.135,0.98,0.297,1.898,4.687,1.116,13,76,17,162,316,89,0.331,1.937,0.433,4.129,8.055,2.269
8,38,"Provincia di Ferrara",2627.377,628.16,2624.848,2624.98,23.908,99.904,99.909,353481,39084,11.057,222264,62.879,92133,26.064,90963,353448,353466,25.733,99.991,99.996,160321,40439,160306,160313,25.224,99.991,99.995,102092,22924,102073,102084,22.454,99.981,99.992,28414,6484,28407,28407,22.82,99.975,99.975,2519,289,2583,2583,11.473,102.541,102.541,0,0,0,0,0,0,0,0,0,0,0,0,0,0,0,0,0,0,0,0,0,0,0,0,0,0,0,0,0,0,0,0,0,0,0,0,0,0,0,0,0,0,0,0,0,0,0,0,0,0,0,0,0,0,0,0,0,0,0,0,0,0,0,0,0,0,0,0,0,0,0,0
8,39,"Provincia di Ravenna",1859.392,413.584,1486.56,1486.651,22.243,79.949,79.954,384761,49728,12.924,241687,62.815,93346,24.261,49249,335999,336000,12.8,87.327,87.327,171674,21363,150145,150145,12.444,87.459,87.459,104830,15322,93540,93540,14.616,89.23,89.23,33862,3715,30024,30025,10.971,88.666,88.669,2191,183,1496,1496,8.352,68.279,68.279,28.411,92.621,7.436,3.823,51.197,121.032,1.528,4.981,0.4,0.206,2.753,6.509,558,1983,484,139,1101,2541,0.145,0.515,0.126,0.036,0.286,0.66,254,855,229,57,441,1109,0.148,0.498,0.133,0.033,0.257,0.646,282,877,182,60,430,1159,0.269,0.837,0.174,0.057,0.41,1.106,47,123,49,8,54,170,0.139,0.363,0.145,0.024,0.159,0.502,23,69,19,5,21,92,1.05,3.149,0.867,0.228,0.958,4.199
8,40,"Provincia di Forli'-Cesena",2378.318,148.373,489.071,489.711,6.239,20.564,20.591,390738,52719,13.492,249421,63.833,88598,22.675,43625,250127,250190,11.165,64.014,64.03,164709,17638,105465,105486,10.709,64.031,64.044,99569,11501,60451,60468,11.551,60.713,60.73,37906,3922,25220,25224,10.347,66.533,66.544,1843,171,769,769,9.278,41.725,41.725,388.006,346.565,114.238,64.946,0,734.571,16.314,14.572,4.803,2.731,0,30.886,8508,9797,4671,3583,0,18305,2.177,2.507,1.195,0.917,0,4.685,3547,4135,1970,1493,0,7682,2.153,2.51,1.196,0.906,0,4.664,3545,3999,1809,1177,0,7544,3.56,4.016,1.817,1.182,0,7.577,475,674,327,362,0,1149,1.253,1.778,0.863,0.955,0,3.031,98,183,113,67,0,281,5.317,9.929,6.131,3.635,0,15.247
11,41,"Provincia di Pesaro e Urbino",2567.714,2.067,73.066,99.989,0.08,2.846,3.894,362583,49935,13.772,232651,64.165,79997,22.063,563,23610,37865,0.155,6.512,10.443,148681,253,10238,16120,0.17,6.886,10.842,92034,150,6459,10079,0.163,7.018,10.951,34818,102,3028,4315,0.293,8.697,12.393,3564,2,138,161,0.056,3.872,4.517,53.119,170.116,132.68,94.516,0,223.235,2.069,6.625,5.167,3.681,0,8.694,1670,5190,5563,2482,0,6860,0.461,1.431,1.534,0.685,0,1.892,705,2071,2118,988,0,2776,0.474,1.393,1.425,0.665,0,1.867,853,2102,1678,1074,0,2955,0.927,2.284,1.823,1.167,0,3.211,155,390,460,178,0,545,0.445,1.12,1.321,0.511,0,1.565,72,97,126,36,0,169,2.02,2.722,3.535,1.01,0,4.742
11,42,"Provincia di Ancona",1963.213,-1,65.052,87.182,-1,3.314,4.441,473865,63925,13.49,299956,63.3,109984,23.21,-1,21869,39801,-1,4.615,8.399,197439,-1,9397,16796,-1,4.759,8.507,99089,-1,5804,9111,-1,5.857,9.195,40424,-1,2727,4335,-1,6.746,10.724,5201,-1,357,422,-1,6.864,8.114,4.972,171.154,88.673,42.109,0,176.126,0.253,8.718,4.517,2.145,0,8.971,255,12873,11684,3275,0,13128,0.054,2.717,2.466,0.691,0,2.77,112,5137,4752,1306,0,5249,0.057,2.602,2.407,0.661,0,2.659,150,3401,2435,977,0,3551,0.151,3.432,2.457,0.986,0,3.584,21,1014,755,180,0,1035,0.052,2.508,1.868,0.445,0,2.56,39,304,103,15,0,343,0.75,5.845,1.98,0.288,0,6.595
11,43,"Provincia di Macerata",2779.314,0.625,37.575,40.505,0.022,1.352,1.457,319607,42451,13.282,202550,63.375,74606,23.343,186,8056,14508,0.058,2.521,4.539,126379,90,3152,5947,0.071,2.494,4.706,86344,257,2190,3371,0.298,2.536,3.904,30691,18,1112,1731,0.059,3.623,5.64,6123,70,177,219,1.143,2.891,3.577,13.038,189.627,215.681,120.343,0,202.665,0.469,6.823,7.76,4.33,0,7.292,382,6419,16221,3493,0,6801,0.12,2.008,5.075,1.093,0,2.128,181,2453,6312,1292,0,2634,0.143,1.941,4.995,1.022,0,2.084,330,2718,4657,1285,0,3048,0.382,3.148,5.394,1.488,0,3.53,30,425,1099,240,0,455,0.098,1.385,3.581,0.782,0,1.483,84,253,432,80,0,337,1.372,4.132,7.055,1.307,0,5.504
11,44,"Provincia di Ascoli Piceno",1228.188,9.953,43.908,59.917,0.81,3.575,4.878,210407,26831,12.752,135094,64.206,48482,23.042,1915,17884,35938,0.91,8.5,17.08,83535,711,7098,14047,0.851,8.497,16.816,46056,666,4288,6899,1.446,9.31,14.98,19096,768,3013,4618,4.022,15.778,24.183,3493,7,185,280,0.2,5.296,8.016,5.903,64.206,51.058,15.06,0.025,70.109,0.481,5.228,4.157,1.226,0.002,5.708,642,2512,3935,1224,0,3154,0.305,1.194,1.87,0.582,0,1.499,260,981,1522,464,0,1241,0.311,1.174,1.822,0.555,0,1.486,261,1028,1216,262,0,1289,0.567,2.232,2.64,0.569,0,2.799,53,179,276,65,0,232,0.278,0.937,1.445,0.34,0,1.215,156,104,136,24,0,260,4.466,2.977,3.894,0.687,0,7.443
9,45,"Provincia di Massa Carrara",1154.602,31.082,50.674,83.47,2.692,4.389,7.229,199650,23240,11.64,126806,63.514,49604,24.845,22884,53082,128217,11.462,26.588,64.221,86941,9885,22739,54582,11.37,26.155,62.781,70672,6419,14267,32281,9.083,20.188,45.677,18363,2299,5433,14100,12.52,29.587,76.785,762,53,117,330,6.955,15.354,43.307,33.717,64.893,181.317,0.698,0,98.61,2.92,5.62,15.704,0.06,0,8.541,5257,7856,7059,8,0,13113,2.633,3.935,3.536,0.004,0,6.568,2261,3422,3398,5,0,5683,2.601,3.936,3.908,0.006,0,6.537,2338,3743,6166,11,0,6081,3.308,5.296,8.725,0.016,0,8.605,213,424,327,0,0,637,1.16,2.309,1.781,0,0,3.469,11,50,88,0,0,61,1.444,6.562,11.549,0,0,8.005
9,46,"Provincia di Lucca",1774.038,133.953,212.335,341.924,7.551,11.969,19.274,388327,48680,12.536,246918,63.585,92729,23.879,30602,97014,273391,7.88,24.983,70.402,163815,12296,39373,116509,7.506,24.035,71.122,156245,12536,36237,101402,8.023,23.192,64.899,39638,3322,10120,31802,8.381,25.531,80.231,1364,127,276,796,9.311,20.235,58.358,60.863,407.272,156.749,737.794,0,468.135,3.431,22.957,8.836,41.588,0,26.388,6636,29448,32167,62835,0,36084,1.709,7.583,8.283,16.181,0,9.292,2795,12298,12609,26745,0,15093,1.706,7.507,7.697,16.326,0,9.213,2978,15868,11419,26593,0,18846,1.906,10.156,7.308,17.02,0,12.062,542,1808,2590,5663,0,2350,1.367,4.561,6.534,14.287,0,5.929,60,159,131,414,0,219,4.399,11.657,9.604,30.352,0,16.056
9,47,"Provincia di Pistoia",964.163,64.457,154.506,219.877,6.685,16.025,22.805,287866,37244,12.938,183249,63.658,67373,23.404,40910,99010,194106,14.211,34.394,67.429,119366,15727,39112,79807,13.175,32.766,66.859,79466,10523,25463,46020,13.242,32.043,57.912,27743,4026,9142,20850,14.512,32.952,75.154,1055,75,126,578,7.109,11.943,54.787,9.966,119.3,89.236,372.415,24.963,129.266,1.034,12.373,9.255,38.626,2.589,13.407,640,10158,31122,49685,2583,10798,0.222,3.529,10.811,17.26,0.897,3.751,289,4600,12395,20952,1257,4889,0.242,3.854,10.384,17.553,1.053,4.096,322,4967,8627,16555,1745,5289,0.405,6.25,10.856,20.833,2.196,6.656,37,767,2437,3502,166,804,0.133,2.765,8.784,12.623,0.598,2.898,9,84,112,282,31,93,0.853,7.962,10.616,26.73,2.938,8.815
9,48,"Citta metropolitana di Firenze",3513.653,118.31,267.367,447.419,3.367,7.609,12.734,973145,127473,13.099,608294,62.508,237378,24.393,60115,358776,678961,6.177,36.868,69.77,422905,25104,158738,301733,5.936,37.535,71.348,163629,9681,48620,93743,5.916,29.714,57.29,100175,5961,41276,78089,5.951,41.204,77.953,4318,257,1600,2412,5.952,37.054,55.859,182.502,552.691,703.646,1211.374,97.74,735.193,5.194,15.73,20.026,34.476,2.782,20.924,8175,26212,95461,187409,3038,34387,0.84,2.694,9.81,19.258,0.312,3.534,3348,10767,38706,77709,1320,14115,0.792,2.546,9.152,18.375,0.312,3.338,2299,7194,21828,40299,1382,9493,1.405,4.397,13.34,24.628,0.845,5.802,683,1885,6853,15323,320,2568,0.682,1.882,6.841,15.296,0.319,2.564,44,124,525,1377,24,168,1.019,2.872,12.158,31.89,0.556,3.891
9,49,"Provincia di Livorno",1213.521,123.751,241.617,538.394,10.198,19.91,44.366,335247,40448,12.065,209984,62.636,84815,25.299,15302,35508,274477,4.564,10.592,81.873,149953,6901,15692,122490,4.602,10.465,81.686,60047,5376,9500,40327,8.953,15.821,67.159,28527,2042,3657,24288,7.158,12.819,85.14,707,31,58,437,4.385,8.204,61.81,15.739,76.451,22.744,16.876,0,92.19,1.297,6.3,1.874,1.391,0,7.597,876,5203,2775,8816,0,6079,0.261,1.552,0.828,2.63,0,1.813,428,2325,1119,3526,0,2753,0.285,1.55,0.746,2.351,0,1.836,476,2107,591,1270,0,2583,0.793,3.509,0.984,2.115,0,4.302,69,335,137,557,0,404,0.242,1.174,0.48,1.953,0,1.416,15,34,17,12,0,49,2.122,4.809,2.405,1.697,0,6.931
9,50,"Provincia di Pisa",2444.817,273.2,588.467,885.604,11.175,24.07,36.224,411190,53662,13.05,263279,64.029,94249,22.921,47471,172767,302555,11.545,42.016,73.58,173144,21398,72774,127721,12.358,42.031,73.766,97270,10466,36898,66507,10.76,37.934,68.374,37758,5360,19058,30548,14.196,50.474,80.905,2048,576,829,1111,28.125,40.479,54.248,83.218,237.197,465.261,251.069,0,320.415,3.404,9.702,19.031,10.269,0,13.106,3246,6754,55243,35869,0,10000,0.789,1.643,13.435,8.723,0,2.432,1362,2844,22290,15272,0,4206,0.787,1.643,12.874,8.82,0,2.429,890,2185,14190,10359,0,3075,0.915,2.246,14.588,10.65,0,3.161,215,481,3719,2759,0,696,0.569,1.274,9.85,7.307,0,1.843,20,73,410,242,0,93,0.977,3.564,20.02,11.816,0,4.541
9,51,"Provincia di Arezzo",3232.993,65.67,215.924,385.565,2.031,6.679,11.926,343676,44322,12.896,219688,63.923,79666,23.181,8446,41449,120408,2.458,12.06,35.035,141834,3480,17499,50088,2.454,12.338,35.315,90538,1983,7804,23522,2.19,8.62,25.98,31301,789,4442,13093,2.521,14.191,41.829,2108,63,154,460,2.989,7.306,21.822,60.909,296.071,244.293,1542.995,0,356.98,1.884,9.158,7.556,47.727,0,11.042,1810,8421,35337,199784,0,10231,0.527,2.45,10.282,58.131,0,2.977,724,3467,14189,83031,0,4191,0.51,2.444,10.004,58.541,0,2.955,762,3303,10094,51744,0,4065,0.842,3.648,11.149,57.152,0,4.49,129,705,2540,18437,0,834,0.412,2.252,8.115,58.902,0,2.664,28,80,188,1287,0,108,1.328,3.795,8.918,61.053,0,5.123
9,52,"Provincia di Siena",3820.814,148.493,339.473,603.9,3.886,8.885,15.806,266621,33702,12.64,166416,62.417,66503,24.943,4795,13544,52738,1.798,5.08,19.78,115528,1954,5663,21995,1.691,4.902,19.039,61279,1061,2957,9478,1.731,4.825,15.467,24811,751,1810,6338,3.027,7.295,25.545,4457,84,172,314,1.885,3.859,7.045,146.418,455.808,384.249,422.802,0,602.226,3.832,11.93,10.057,11.066,0,15.762,2970,11711,44300,44833,0,14681,1.114,4.392,16.615,16.815,0,5.506,1314,5108,18882,18684,0,6422,1.137,4.421,16.344,16.173,0,5.559,1096,3672,9681,9523,0,4768,1.789,5.992,15.798,15.54,0,7.781,298,958,4359,3446,0,1256,1.201,3.861,17.569,13.889,0,5.062,126,263,755,365,0,389,2.827,5.901,16.94,8.189,0,8.728
9,53,"Provincia di Grosseto",4503.175,426.771,684,1283.553,9.477,15.189,28.503,220564,25824,11.708,138468,62.779,56272,25.513,12926,19308,130126,5.86,8.754,58.997,99925,5620,8399,57741,5.624,8.405,57.784,59621,3499,5235,21326,5.869,8.78,35.769,20408,1379,2104,13034,6.757,10.31,63.867,1381,90,120,466,6.517,8.689,33.744,128.853,752.5,3.18,0.866,0,881.353,2.861,16.71,0.071,0.019,0,19.572,2536,14157,9,13,0,16693,1.15,6.419,0.004,0.006,0,7.568,1206,6347,4,6,0,7553,1.207,6.352,0.004,0.006,0,7.559,1482,5773,7,11,0,7255,2.486,9.683,0.012,0.018,0,12.169,247,1190,0,0,0,1437,1.21,5.831,0,0,0,7.041,89,221,0,0,0,310,6.445,16.003,0,0,0,22.448
10,54,"Provincia di Perugia",6336.992,189.462,287.557,419.849,2.99,4.538,6.625,655844,87315,13.313,417020,63.585,151509,23.101,25543,48124,80420,3.895,7.338,12.262,268126,10131,19365,32112,3.778,7.222,11.976,180702,6457,12157,20770,3.573,6.728,11.494,57104,2145,4504,7219,3.756,7.887,12.642,5037,178,293,382,3.534,5.817,7.584,5.084,354.173,311.981,275.294,0,359.257,0.08,5.589,4.923,4.344,0,5.669,426,11550,69135,71941,0,11976,0.065,1.761,10.541,10.969,0,1.826,197,4874,28405,29799,0,5071,0.073,1.818,10.594,11.114,0,1.891,268,4096,18790,19330,0,4364,0.148,2.267,10.398,10.697,0,2.415,38,799,6078,6392,0,837,0.067,1.399,10.644,11.194,0,1.466,42,178,488,421,0,220,0.834,3.534,9.688,8.358,0,4.368
10,55,"Provincia di Terni",2127.231,62.29,81.025,89.712,2.928,3.809,4.217,228424,27810,12.175,142285,62.29,58329,25.535,8449,15823,22896,3.699,6.927,10.023,99209,3631,6835,9980,3.66,6.889,10.06,58281,1923,3290,4340,3.3,5.645,7.447,18158,1169,2092,2878,6.438,11.521,15.85,931,16,36,52,1.719,3.867,5.585,4.079,131.156,97.079,18.842,0,135.235,0.192,6.166,4.564,0.886,0,6.357,835,4704,15440,599,0,5539,0.366,2.059,6.759,0.262,0,2.425,390,2035,6378,241,0,2425,0.393,2.051,6.429,0.243,0,2.444,459,2031,3393,215,0,2490,0.788,3.485,5.822,0.369,0,4.272,37,297,844,25,0,334,0.204,1.636,4.648,0.138,0,1.839,31,69,19,0,0,100,3.33,7.411,2.041,0,0,10.741
12,56,"Provincia di Viterbo",3615.164,86.402,110.467,123.289,2.39,3.056,3.41,312864,39251,12.546,204930,65.501,68683,21.953,2299,3112,3362,0.735,0.995,1.075,134144,1074,1437,1550,0.801,1.071,1.155,85528,1012,1471,1581,1.183,1.72,1.849,24510,317,440,458,1.293,1.795,1.869,2527,21,28,37,0.831,1.108,1.464,30.952,96.017,17.779,6.287,68.073,126.969,0.856,2.656,0.492,0.174,1.883,3.512,10930,4692,619,920,2690,15622,3.494,1.5,0.198,0.294,0.86,4.993,5074,2134,269,423,1206,7208,3.783,1.591,0.201,0.315,0.899,5.373,3903,1763,208,357,1099,5666,4.563,2.061,0.243,0.417,1.285,6.625,805,324,40,61,209,1129,3.284,1.322,0.163,0.249,0.853,4.606,288,143,12,53,46,431,11.397,5.659,0.475,2.097,1.82,17.056
12,57,"Provincia di Rieti",2750.245,90.996,98.012,99.948,3.309,3.564,3.634,155164,18836,12.139,100128,64.53,36200,23.33,5153,8312,12038,3.321,5.357,7.758,67206,2077,3499,5160,3.09,5.206,7.678,77648,2101,2572,3467,2.706,3.312,4.465,10584,422,780,1438,3.987,7.37,13.587,839,14,21,71,1.669,2.503,8.462,8.425,64.071,15.01,8.662,0,72.496,0.306,2.33,0.546,0.315,0,2.636,1265,2611,772,947,0,3876,0.815,1.683,0.498,0.61,0,2.498,590,1225,340,441,0,1815,0.878,1.823,0.506,0.656,0,2.701,997,2118,616,675,0,3115,1.284,2.728,0.793,0.869,0,4.012,73,137,44,52,0,210,0.69,1.294,0.416,0.491,0,1.984,35,32,7,38,0,67,4.172,3.814,0.834,4.529,0,7.986
12,58,"Citta metropolitana di Roma",5363.216,182.697,249.535,377.196,3.406,4.653,7.033,3997465,560794,14.029,2627724,65.735,808947,20.236,74145,144132,501847,1.855,3.606,12.554,1743263,30201,60202,216537,1.732,3.453,12.421,467342,14184,21277,45832,3.035,4.553,9.807,345963,7242,13059,40508,2.093,3.775,11.709,8614,183,233,619,2.124,2.705,7.186,112.688,33.065,24.339,12.888,346.701,145.753,2.101,0.617,0.454,0.24,6.464,2.718,17541,6694,2755,4523,42887,24235,0.439,0.167,0.069,0.113,1.073,0.606,7236,2907,1107,1895,16911,10143,0.415,0.167,0.064,0.109,0.97,0.582,4670,1765,732,1039,10598,6435,0.999,0.378,0.157,0.222,2.268,1.377,1179,441,144,319,2315,1620,0.341,0.127,0.042,0.092,0.669,0.468,92,26,11,52,127,118,1.068,0.302,0.128,0.604,1.474,1.37
12,59,"Provincia di Latina",2256.136,30.639,65.549,280.958,1.358,2.905,12.453,544732,77037,14.142,368203,67.593,99492,18.264,5586,8896,39895,1.025,1.633,7.324,213413,2090,3345,14617,0.979,1.567,6.849,144511,1839,3038,11083,1.273,2.102,7.669,40316,562,776,2179,1.394,1.925,5.405,907,15,26,51,1.654,2.867,5.623,113.767,4.424,6.576,1.723,105.912,118.191,5.043,0.196,0.291,0.076,4.694,5.239,10546,654,694,309,9791,11200,1.936,0.12,0.127,0.057,1.797,2.056,4288,252,259,120,3794,4540,2.009,0.118,0.121,0.056,1.778,2.127,3979,253,238,86,3320,4232,2.753,0.175,0.165,0.06,2.297,2.928,623,30,38,10,467,653,1.545,0.074,0.094,0.025,1.158,1.62,130,6,1,0,14,136,14.333,0.662,0.11,0,1.544,14.994
12,60,"Provincia di Frosinone",3246.963,51.764,71.074,94.296,1.594,2.189,2.904,492661,63667,12.923,329885,66.96,99109,20.117,6799,11399,26365,1.38,2.314,5.352,196247,2654,4448,10319,1.352,2.267,5.258,179650,2539,4302,8211,1.413,2.395,4.571,35004,470,866,2749,1.343,2.474,7.853,1050,13,19,52,1.238,1.81,4.952,467.688,13.816,53.855,27.896,900.955,481.504,14.404,0.426,1.659,0.859,27.748,14.829,31359,2190,7136,3565,89339,33549,6.365,0.445,1.448,0.724,18.134,6.81,12846,881,2847,1435,35204,13727,6.546,0.449,1.451,0.731,17.939,6.995,13966,787,2781,1365,35492,14753,7.774,0.438,1.548,0.76,19.756,8.212,1817,99,401,184,5145,1916,5.191,0.283,1.146,0.526,14.698,5.474,110,5,2,4,174,115,10.476,0.476,0.19,0.381,16.571,10.952
15,61,"Provincia di Caserta",2651.275,114.123,392.19,410.317,4.304,14.793,15.476,904921,151783,16.773,614864,67.947,138274,15.28,15223,50941,53701,1.682,5.629,5.934,325887,5792,19190,20209,1.777,5.889,6.201,210553,7918,22314,23148,3.761,10.598,10.994,52228,670,2280,2444,1.283,4.365,4.679,2907,46,111,112,1.582,3.818,3.853,340.843,12.383,25.06,7.101,518.99,353.226,12.856,0.467,0.945,0.268,19.575,13.323,29180,1194,1587,432,44603,30374,3.225,0.132,0.175,0.048,4.929,3.357,11289,418,616,179,17712,11707,3.464,0.128,0.189,0.055,5.435,3.592,10871,347,643,208,17257,11218,5.163,0.165,0.305,0.099,8.196,5.328,1642,48,59,17,2133,1690,3.144,0.092,0.113,0.033,4.084,3.236,251,10,9,36,312,261,8.634,0.344,0.31,1.238,10.733,8.978
15,62,"Provincia di Benevento",2080.37,55.515,89.464,93.711,2.669,4.3,4.505,284900,38738,13.597,186486,65.457,59676,20.946,4470,6936,7811,1.569,2.435,2.742,112061,1683,2602,2934,1.502,2.322,2.618,98909,1476,2351,2629,1.492,2.377,2.658,19266,286,454,513,1.484,2.356,2.663,1142,25,30,32,2.189,2.627,2.802,205.795,146.494,152.199,32.466,580.967,352.289,9.892,7.042,7.316,1.561,27.926,16.934,18318,5697,9802,3349,40898,24015,6.43,2,3.441,1.176,14.355,8.429,7279,2328,3907,1343,16248,9607,6.496,2.077,3.486,1.198,14.499,8.573,7075,2810,4264,1639,18034,9885,7.153,2.841,4.311,1.657,18.233,9.994,980,292,495,190,2276,1272,5.087,1.516,2.569,0.986,11.814,6.602,68,10,21,30,199,78,5.954,0.876,1.839,2.627,17.426,6.83
15,63,"Citta metropolitana di Napoli",1178.935,32.538,49.282,63.507,2.76,4.18,5.387,3054956,523259,17.128,2065385,67.608,466312,15.264,54792,103588,128161,1.794,3.391,4.195,1053267,18781,34766,43270,1.783,3.301,4.108,344003,9364,14921,18084,2.722,4.337,5.257,183804,2989,5565,7353,1.626,3.028,4,4345,102,145,159,2.348,3.337,3.659,105.597,92.919,48.333,81.132,0,198.516,8.957,7.882,4.1,6.882,0,16.839,29248,71488,32753,120630,0,100736,0.957,2.34,1.072,3.949,0,3.297,10623,27128,11167,41107,0,37751,1.009,2.576,1.06,3.903,0,3.584,6213,9817,7534,22155,0,16030,1.806,2.854,2.19,6.44,0,4.66,1711,4633,1728,6488,0,6344,0.931,2.521,0.94,3.53,0,3.452,150,574,69,166,0,724,3.452,13.211,1.588,3.82,0,16.663
15,64,"Provincia di Avellino",2805.964,37.606,65.031,74.934,1.34,2.318,2.671,429157,58878,13.719,284942,66.396,85337,19.885,15425,22401,29778,3.594,5.22,6.939,165689,5718,8228,10927,3.451,4.966,6.595,148393,4621,6417,8323,3.114,4.324,5.609,28982,893,1498,1968,3.081,5.169,6.79,1187,46,58,62,3.875,4.886,5.223,361.084,293.949,197.604,62.264,726.818,655.033,12.868,10.476,7.042,2.219,25.903,23.344,26342,12463,19057,17188,69469,38805,6.138,2.904,4.441,4.005,16.187,9.042,10127,4886,7215,6247,26687,15013,6.112,2.949,4.355,3.77,16.107,9.061,10941,6106,6743,4693,28414,17047,7.373,4.115,4.544,3.163,19.148,11.488,1384,617,1139,1178,3925,2001,4.775,2.129,3.93,4.065,13.543,6.904,118,36,32,37,229,154,9.941,3.033,2.696,3.117,19.292,12.974
15,65,"Provincia di Salerno",4954.052,100.528,181.798,198.951,2.029,3.67,4.016,1092876,159837,14.625,732607,67.035,200432,18.34,25580,109659,127084,2.341,10.034,11.628,403522,9473,38351,44501,2.348,9.504,11.028,251335,5164,16356,19756,2.055,6.508,7.86,78222,1701,7924,9122,2.175,10.13,11.662,1715,167,193,208,9.738,11.254,12.128,267.689,828.189,767.441,1217.874,1153.834,1095.878,5.403,16.717,15.491,24.583,23.291,22.121,25509,68121,155145,288202,70128,93630,2.334,6.233,14.196,26.371,6.417,8.567,9884,26375,58745,108407,27463,36259,2.449,6.536,14.558,26.865,6.806,8.986,8314,23065,43459,66367,26075,31379,3.308,9.177,17.291,26.406,10.375,12.485,1769,4563,10547,20091,4583,6332,2.262,5.833,13.483,25.685,5.859,8.095,102,194,313,686,85,296,5.948,11.312,18.251,40,4.956,17.259
13,66,"Provincia di L'Aquila",5047.336,54.631,101.464,117.236,1.082,2.01,2.323,298343,36378,12.193,196952,66.015,65013,21.791,6216,8861,9432,2.084,2.97,3.161,122918,2477,3598,3832,2.015,2.927,3.118,151152,2944,4116,4379,1.948,2.723,2.897,23890,599,1117,1230,2.507,4.676,5.149,2217,17,29,30,0.767,1.308,1.353,345.309,228.893,7.655,214.801,335.701,574.202,6.841,4.535,0.152,4.256,6.651,11.376,14695,4449,302,3277,9208,19144,4.926,1.491,0.101,1.098,3.086,6.417,6002,1835,145,1421,3687,7837,4.883,1.493,0.118,1.156,3,6.376,8979,2687,571,2766,5079,11666,5.94,1.778,0.378,1.83,3.36,7.718,884,265,10,209,557,1149,3.7,1.109,0.042,0.875,2.332,4.81,115,16,4,65,50,131,5.187,0.722,0.18,2.932,2.255,5.909
13,67,"Provincia di Teramo",1954.337,29.946,40.702,88.31,1.532,2.083,4.519,306349,40546,13.235,201216,65.682,64587,21.083,11320,14072,46537,3.695,4.593,15.191,121119,4575,5654,19382,3.777,4.668,16.002,84649,2215,2747,11325,2.617,3.245,13.379,27206,1122,1597,5278,4.124,5.87,19.4,770,17,23,55,2.208,2.987,7.143,74.179,234.963,3.287,66.498,0,309.142,3.796,12.023,0.168,3.403,0,15.818,3713,8647,234,2689,0,12360,1.212,2.823,0.076,0.878,0,4.035,1441,3349,101,1063,0,4790,1.19,2.765,0.083,0.878,0,3.955,1758,3516,153,1148,0,5274,2.077,4.154,0.181,1.356,0,6.23,220,510,15,191,0,730,0.809,1.875,0.055,0.702,0,2.683,73,38,0,6,0,111,9.481,4.935,0,0.779,0,14.416
13,68,"Provincia di Pescara",1230.289,17.944,31.604,55.422,1.459,2.569,4.505,314661,43084,13.692,204014,64.836,67563,21.472,21132,69730,128432,6.716,22.16,40.816,125407,9543,30808,54960,7.61,24.566,43.825,71965,2316,8561,17471,3.218,11.896,24.277,28848,3481,10675,15684,12.067,37.004,54.368,554,41,118,141,7.401,21.3,25.451,56.536,146.907,0,46.183,0,203.443,4.595,11.941,0,3.754,0,16.536,4495,6397,0,4132,0,10892,1.429,2.033,0,1.313,0,3.462,1742,2448,0,1554,0,4190,1.389,1.952,0,1.239,0,3.341,1736,2672,0,1487,0,4408,2.412,3.713,0,2.066,0,6.125,318,360,0,242,0,678,1.102,1.248,0,0.839,0,2.35,39,35,0,6,0,74,7.04,6.318,0,1.083,0,13.357
13,69,"Provincia di Chieti",2599.535,37.522,65.908,167.861,1.443,2.535,6.457,387956,49692,12.809,251809,64.907,86455,22.285,1146,1900,74836,0.295,0.49,19.29,154605,435,744,30287,0.281,0.481,19.59,126501,447,808,14892,0.353,0.639,11.772,29981,139,228,6920,0.464,0.76,23.081,1062,12,14,160,1.13,1.318,15.066,151.157,431,0,139.429,0,582.157,5.815,16.58,0,5.364,0,22.395,11411,19490,0,7607,0,30901,2.941,5.024,0,1.961,0,7.965,4842,7798,0,3035,0,12640,3.132,5.044,0,1.963,0,8.176,5476,7860,0,3174,0,13336,4.329,6.213,0,2.509,0,10.542,735,1133,0,451,0,1868,2.452,3.779,0,1.504,0,6.231,96,91,0,26,0,187,9.04,8.569,0,2.448,0,17.608
14,70,"Provincia di Campobasso",2925.281,69.519,187.04,205.379,2.376,6.394,7.021,226419,28780,12.711,147792,65.274,49847,22.015,633,4298,5063,0.28,1.898,2.236,92181,254,1708,2003,0.276,1.853,2.173,87850,306,1735,1921,0.348,1.975,2.187,16537,92,453,534,0.556,2.739,3.229,3524,11,56,63,0.312,1.589,1.788,101.581,439.708,13.61,181.104,84.083,541.289,3.473,15.031,0.465,6.191,2.874,18.504,1266,10774,435,5831,3536,12040,0.559,4.758,0.192,2.575,1.562,5.318,507,4213,178,2344,1475,4720,0.55,4.57,0.193,2.543,1.6,5.12,777,4963,194,2962,1872,5740,0.884,5.649,0.221,3.372,2.131,6.534,74,623,23,310,206,697,0.447,3.767,0.139,1.875,1.246,4.215,25,167,7,171,130,192,0.709,4.739,0.199,4.852,3.689,5.448
16,71,"Provincia di Foggia",7007.33,415.827,771.375,873.414,5.934,11.008,12.464,626072,97160,15.519,411079,65.66,117833,18.821,18196,29988,38143,2.906,4.79,6.092,235616,6666,10939,13854,2.829,4.643,5.88,140213,4524,6825,7960,3.227,4.868,5.677,38704,1042,1852,2297,2.692,4.785,5.935,1510,50,88,163,3.311,5.828,10.795,103.374,456.368,1097.078,10.531,9.316,559.742,1.475,6.513,15.656,0.15,0.133,7.988,7382,22792,46370,222,1460,30174,1.179,3.64,7.406,0.035,0.233,4.82,3119,9701,17778,104,601,12820,1.324,4.117,7.545,0.044,0.255,5.441,3500,13290,17067,156,927,16790,2.496,9.478,12.172,0.111,0.661,11.975,493,1468,2211,14,58,1961,1.274,3.793,5.713,0.036,0.15,5.067,50,135,145,1,1,185,3.311,8.94,9.603,0.066,0.066,12.252
16,72,"Citta metropolitana di Bari",3862.664,95.681,130.55,148.826,2.477,3.38,3.853,1247303,182444,14.627,836089,67.032,228770,18.341,15712,29611,37051,1.26,2.374,2.97,465572,5422,10381,13007,1.165,2.23,2.794,206143,2298,3998,5177,1.115,1.939,2.511,89140,961,2081,2485,1.078,2.335,2.788,3136,62,81,91,1.977,2.583,2.902,1.241,3.535,3.021,9.965,0,4.776,0.032,0.092,0.078,0.258,0,0.124,1806,2031,1925,15,0,3837,0.145,0.163,0.154,0.001,0,0.308,716,782,541,4,0,1498,0.154,0.168,0.116,0.001,0,0.322,611,362,165,8,0,973,0.296,0.176,0.08,0.004,0,0.472,112,134,126,2,0,246,0.126,0.15,0.141,0.002,0,0.276,46,72,0,0,0,118,1.467,2.296,0,0,0,3.763
16,73,"Provincia di Taranto",2467.327,111.359,173.608,243.462,4.513,7.036,9.867,584649,84062,14.378,387729,66.318,112858,19.304,13156,21340,46719,2.25,3.65,7.991,224230,4921,8045,17575,2.195,3.588,7.838,163202,4297,7075,16920,2.633,4.335,10.368,32313,693,1155,2574,2.145,3.574,7.966,850,33,47,108,3.882,5.529,12.706,5.384,4.408,14.412,0.607,0,9.792,0.218,0.179,0.584,0.025,0,0.397,3698,462,1253,1,0,4160,0.633,0.079,0.214,0,0,0.712,1389,182,532,1,0,1571,0.619,0.081,0.237,0,0,0.701,1141,179,1256,1,0,1320,0.699,0.11,0.77,0.001,0,0.809,176,33,69,0,0,209,0.545,0.102,0.214,0,0,0.647,7,8,0,0,0,15,0.824,0.941,0,0,0,1.765
16,74,"Provincia di Brindisi",1861.332,42.822,72.348,83.821,2.301,3.887,4.503,400801,55790,13.92,265666,66.284,79345,19.797,6173,10417,21223,1.54,2.599,5.295,154658,2344,3928,8139,1.516,2.54,5.263,152734,2509,3945,7412,1.643,2.583,4.853,24672,472,712,1338,1.913,2.886,5.423,547,14,23,29,2.559,4.205,5.302,0.981,1.026,0.963,0,0,2.007,0.053,0.055,0.052,0,0,0.108,136,1210,36,0,0,1346,0.034,0.302,0.009,0,0,0.336,65,551,23,0,0,616,0.042,0.356,0.015,0,0,0.398,133,665,207,0,0,798,0.087,0.435,0.136,0,0,0.522,18,142,3,0,0,160,0.073,0.576,0.012,0,0,0.649,4,17,0,0,0,21,0.731,3.108,0,0,0,3.839
16,75,"Provincia di Lecce",2798.875,36.36,88.26,116.563,1.299,3.153,4.165,802018,109690,13.677,523607,65.286,168721,21.037,15596,29672,38881,1.945,3.7,4.848,315074,6185,11726,15121,1.963,3.722,4.799,368994,6237,12622,16680,1.69,3.421,4.52,58238,1152,2284,2980,1.978,3.922,5.117,2186,103,128,155,4.712,5.855,7.091,8.809,8.401,6.92,0,0,17.21,0.315,0.3,0.247,0,0,0.615,1201,6287,388,0,0,7488,0.15,0.784,0.048,0,0,0.934,502,2583,200,0,0,3085,0.159,0.82,0.063,0,0,0.979,1051,3952,1498,0,0,5003,0.285,1.071,0.406,0,0,1.356,65,396,21,0,0,461,0.112,0.68,0.036,0,0,0.792,22,90,8,0,0,112,1.006,4.117,0.366,0,0,5.124
17,76,"Provincia di Potenza",6594.275,80.963,112.599,118.146,1.228,1.708,1.792,377935,49180,13.013,250119,66.18,78636,20.807,1624,2237,2485,0.43,0.592,0.658,150877,638,859,949,0.423,0.569,0.629,135013,761,969,1048,0.564,0.718,0.776,25399,133,203,222,0.524,0.799,0.874,1191,9,10,10,0.756,0.84,0.84,220.915,247.056,282.039,136.709,592.055,467.971,3.35,3.747,4.277,2.073,8.978,7.097,11850,19784,20811,13046,24107,31634,3.135,5.235,5.507,3.452,6.379,8.37,4966,8209,8338,5116,9412,13175,3.291,5.441,5.526,3.391,6.238,8.732,5560,7524,7301,4304,8996,13084,4.118,5.573,5.408,3.188,6.663,9.691,716,1303,1312,865,1464,2019,2.819,5.13,5.166,3.406,5.764,7.949,102,70,62,57,65,172,8.564,5.877,5.206,4.786,5.458,14.442
17,77,"Provincia di Matera",3478.836,183.1,236.648,260.767,5.263,6.803,7.496,200101,27628,13.807,132737,66.335,39736,19.858,2371,3935,4684,1.185,1.967,2.341,79305,994,1629,1923,1.253,2.054,2.425,52241,1042,1570,1775,1.995,3.005,3.398,12644,163,294,334,1.289,2.325,2.642,837,47,49,53,5.615,5.854,6.332,47.156,87.179,267.776,75.641,0,134.335,1.356,2.506,7.697,2.174,0,3.861,7205,1712,4541,868,0,8917,3.601,0.856,2.269,0.434,0,4.456,2875,754,1950,336,0,3629,3.625,0.951,2.459,0.424,0,4.576,2465,704,2034,299,0,3169,4.719,1.348,3.893,0.572,0,6.066,369,105,287,35,0,474,2.918,0.83,2.27,0.277,0,3.749,66,27,40,4,0,93,7.885,3.226,4.779,0.478,0,11.111
18,78,"Provincia di Cosenza",6709.622,1033.238,1038.805,1050.011,15.399,15.482,15.649,714030,95554,13.382,479918,67.213,138558,19.405,77299,80354,93189,10.826,11.254,13.051,289876,31164,32436,37550,10.751,11.19,12.954,246766,24757,25771,28846,10.033,10.443,11.69,44521,5583,5812,6698,12.54,13.055,15.045,1600,271,281,296,16.938,17.563,18.5,62.675,104.537,142.866,8.321,9.123,167.212,0.934,1.558,2.129,0.124,0.136,2.492,10174,16893,31828,3996,2276,27067,1.425,2.366,4.458,0.56,0.319,3.791,4437,6967,12977,1697,916,11404,1.531,2.403,4.477,0.585,0.316,3.934,5714,7956,13318,1691,821,13670,2.316,3.224,5.397,0.685,0.333,5.54,415,699,1485,171,91,1114,0.932,1.57,3.336,0.384,0.204,2.502,68,72,164,46,3,140,4.25,4.5,10.25,2.875,0.188,8.75
18,79,"Provincia di Catanzaro",2415.406,406.482,410.383,421.921,16.829,16.99,17.468,359841,49714,13.816,241470,67.105,68657,19.08,38043,40976,50202,10.572,11.387,13.951,142757,15006,16245,19866,10.512,11.379,13.916,129962,13389,14235,16439,10.302,10.953,12.649,23127,2633,3067,4089,11.385,13.262,17.681,898,122,126,130,13.586,14.031,14.477,20.31,32.583,67.557,3.055,9.589,52.893,0.841,1.349,2.797,0.126,0.397,2.19,7835,7433,18296,1248,2943,15268,2.177,2.066,5.084,0.347,0.818,4.243,3239,3123,7571,522,1118,6362,2.269,2.188,5.303,0.366,0.783,4.457,3229,4161,8793,685,923,7390,2.485,3.202,6.766,0.527,0.71,5.686,452,394,797,59,153,846,1.954,1.704,3.446,0.255,0.662,3.658,42,37,62,8,1,79,4.677,4.12,6.904,0.891,0.111,8.797
18,80,"Citta metropolitana di Reggio di Calabria",3210.313,593.752,595.704,604.178,18.495,18.556,18.82,550967,81547,14.801,363773,66.024,105647,19.175,76994,78825,84370,13.974,14.307,15.313,213157,29518,30266,32518,13.848,14.199,15.255,222633,33976,34887,37306,15.261,15.67,16.757,31051,3763,3878,4464,12.119,12.489,14.376,1591,275,279,303,17.285,17.536,19.045,44.917,47.56,43.901,1.677,5.941,92.477,1.399,1.481,1.367,0.052,0.185,2.881,7657,7780,10324,905,1540,15437,1.39,1.412,1.874,0.164,0.28,2.802,3133,3092,4223,357,610,6225,1.47,1.451,1.981,0.167,0.286,2.92,6093,5131,6182,402,727,11224,2.737,2.305,2.777,0.181,0.327,5.041,260,297,379,25,53,557,0.837,0.956,1.221,0.081,0.171,1.794,163,53,91,1,2,216,10.245,3.331,5.72,0.063,0.126,13.576
19,81,"Libero consorzio di comuni di Trapani",2469.696,22.266,23.39,25.488,0.902,0.947,1.032,429917,62017,14.425,279034,64.904,88866,20.671,2452,2567,3264,0.57,0.597,0.759,171644,960,1008,1292,0.559,0.587,0.753,195972,1246,1328,1764,0.636,0.678,0.9,26983,150,155,186,0.556,0.574,0.689,504,6,7,7,1.19,1.389,1.389,53.58,7.282,33.386,11.01,16.336,60.862,2.169,0.295,1.352,0.446,0.661,2.464,1882,1443,951,649,13027,3325,0.438,0.336,0.221,0.151,3.03,0.773,760,615,390,274,4864,1375,0.443,0.358,0.227,0.16,2.834,0.801,1474,840,884,534,3847,2314,0.752,0.429,0.451,0.272,1.963,1.181,96,116,60,46,830,212,0.356,0.43,0.222,0.17,3.076,0.786,11,2,0,4,2,13,2.183,0.397,0,0.794,0.397,2.579
19,82,"Citta metropolitana di Palermo",5009.208,29.74,30.547,31.701,0.594,0.61,0.633,1243585,191134,15.37,826652,66.473,225799,18.157,57597,57847,58256,4.632,4.652,4.685,472654,21170,21263,21423,4.479,4.499,4.532,336373,10472,10682,10905,3.113,3.176,3.242,65325,2773,2787,2798,4.245,4.266,4.283,1578,218,218,218,13.815,13.815,13.815,161.476,68.645,257.511,71.251,51.974,230.121,3.224,1.37,5.141,1.422,1.038,4.594,25757,8622,5489,10286,134410,34379,2.071,0.693,0.441,0.827,10.808,2.765,9794,3430,2159,4241,54129,13224,2.072,0.726,0.457,0.897,11.452,2.798,10107,4321,3947,5683,11319,14428,3.005,1.285,1.173,1.689,3.365,4.289,911,361,230,488,12949,1272,1.395,0.553,0.352,0.747,19.822,1.947,66,29,10,27,132,95,4.183,1.838,0.634,1.711,8.365,6.02
19,83,"Citta metropolitana di Messina",3266.075,30.984,31.323,31.732,0.949,0.959,0.972,649824,85761,13.198,430308,66.219,133755,20.583,31262,31718,31816,4.811,4.881,4.896,276246,13237,13426,13468,4.792,4.86,4.875,246375,10728,10876,10922,4.354,4.414,4.433,41703,2527,2565,2570,6.06,6.151,6.163,1717,89,89,89,5.183,5.183,5.183,99.454,53.129,158.608,55.027,20.806,152.583,3.045,1.627,4.856,1.685,0.637,4.672,5716,9773,6302,2145,2056,15489,0.88,1.504,0.97,0.33,0.316,2.384,2603,4351,2727,947,921,6954,0.942,1.575,0.987,0.343,0.333,2.517,4139,6378,3732,1649,1365,10517,1.68,2.589,1.515,0.669,0.554,4.269,360,593,348,101,98,953,0.863,1.422,0.834,0.242,0.235,2.285,124,96,43,11,10,220,7.222,5.591,2.504,0.641,0.582,12.813
19,84,"Libero consorzio di comuni di Agrigento",3052.819,15.884,33.19,34.498,0.52,1.087,1.13,446837,67600,15.129,290974,65.119,88263,19.753,770,3373,3486,0.172,0.755,0.78,172678,300,1270,1316,0.174,0.735,0.762,195273,294,944,1006,0.151,0.483,0.515,24667,56,332,338,0.227,1.346,1.37,895,0,6,6,0,0.67,0.67,20.634,30.052,126.867,33.697,17.474,50.686,0.676,0.984,4.156,1.104,0.572,1.66,3307,7628,4848,3422,12775,10935,0.74,1.707,1.085,0.766,2.859,2.447,1391,3177,2035,1275,5282,4568,0.806,1.84,1.178,0.738,3.059,2.645,2387,4975,3795,1621,4661,7362,1.222,2.548,1.943,0.83,2.387,3.77,134,414,255,214,1154,548,0.543,1.678,1.034,0.868,4.678,2.222,60,42,6,14,71,102,6.704,4.693,0.67,1.564,7.933,11.397
19,85,"Libero consorzio di comuni di Caltanissetta",2138.468,19.641,19.867,21.633,0.918,0.929,1.012,273099,42680,15.628,179271,65.643,51148,18.729,1565,1638,2016,0.573,0.6,0.738,105365,501,525,659,0.475,0.498,0.625,110434,647,658,738,0.586,0.596,0.668,14404,29,33,43,0.201,0.229,0.299,448,1,1,1,0.223,0.223,0.223,10.085,6.951,91.941,11.667,17.185,17.036,0.472,0.325,4.299,0.546,0.804,0.797,909,2413,1315,252,5869,3322,0.333,0.884,0.482,0.092,2.149,1.216,383,1025,521,100,2390,1408,0.363,0.973,0.494,0.095,2.268,1.336,703,1607,1082,159,2584,2310,0.637,1.455,0.98,0.144,2.34,2.092,45,102,56,13,339,147,0.312,0.708,0.389,0.09,2.354,1.021,16,12,11,4,25,28,3.571,2.679,2.455,0.893,5.58,6.25
19,86,"Libero consorzio di comuni di Enna",2574.666,16.962,20.258,25.922,0.659,0.787,1.007,173451,25054,14.444,113379,65.367,35018,20.189,68,71,99,0.039,0.041,0.057,70280,27,28,38,0.038,0.04,0.054,81412,38,43,60,0.047,0.053,0.074,9299,9,9,12,0.097,0.097,0.129,595,2,2,2,0.336,0.336,0.336,9.444,10.406,90.064,22.218,67.162,19.85,0.367,0.404,3.498,0.863,2.609,0.771,4114,1948,1057,649,2166,6062,2.372,1.123,0.609,0.374,1.249,3.495,1806,830,411,259,861,2636,2.57,1.181,0.585,0.369,1.225,3.751,2427,1040,618,294,1260,3467,2.981,1.277,0.759,0.361,1.548,4.259,265,120,51,31,85,385,2.85,1.29,0.548,0.333,0.914,4.14,62,19,8,15,13,81,10.42,3.193,1.345,2.521,2.185,13.613
19,87,"Citta metropolitana di Catania",3573.511,165.926,229.211,286.021,4.643,6.414,8.004,1078766,168267,15.598,722282,66.954,188217,17.447,18291,19524,22089,1.696,1.81,2.048,417745,7072,7545,8527,1.693,1.806,2.041,277637,5513,6378,7453,1.986,2.297,2.684,66758,1601,1814,2033,2.398,2.717,3.045,1278,102,102,102,7.981,7.981,7.981,4.714,13.322,41.542,8.232,3.503,18.036,0.132,0.373,1.162,0.23,0.098,0.505,1399,7440,2420,687,5138,8839,0.13,0.69,0.224,0.064,0.476,0.819,561,3067,957,269,2091,3628,0.134,0.734,0.229,0.064,0.501,0.868,528,3264,738,205,1380,3792,0.19,1.176,0.266,0.074,0.497,1.366,87,290,107,23,343,377,0.13,0.434,0.16,0.034,0.514,0.565,13,23,4,1,22,36,1.017,1.8,0.313,0.078,1.721,2.817
19,88,"Libero consorzio di comuni di Ragusa",1623.909,16.207,16.207,16.545,0.998,0.998,1.019,307492,46943,15.266,203171,66.074,57378,18.66,2730,2730,2731,0.888,0.888,0.888,119854,1201,1201,1201,1.002,1.002,1.002,142590,4633,4633,4635,3.249,3.249,3.251,20737,202,202,202,0.974,0.974,0.974,524,16,16,16,3.053,3.053,3.053,4.969,2.344,2.397,10.063,7.636,7.313,0.306,0.144,0.148,0.62,0.47,0.45,3280,835,1091,2171,1295,4115,1.067,0.272,0.355,0.706,0.421,1.338,1416,334,430,791,511,1750,1.181,0.279,0.359,0.66,0.426,1.46,2181,269,514,826,666,2450,1.53,0.189,0.36,0.579,0.467,1.718,188,48,67,87,112,236,0.907,0.231,0.323,0.42,0.54,1.138,42,0,5,1,4,42,8.015,0,0.954,0.191,0.763,8.015
19,89,"Libero consorzio di comuni di Siracusa",2124.193,87.51,100.988,107.532,4.12,4.754,5.062,399933,57928,14.484,267249,66.823,74756,18.692,12016,12077,14034,3.005,3.02,3.509,157111,4991,5027,5765,3.177,3.2,3.669,140377,3556,3683,4670,2.533,2.624,3.327,21630,1592,1593,1688,7.36,7.365,7.804,872,32,32,34,3.67,3.67,3.899,15.176,6.755,0.752,0.483,5.513,21.931,0.714,0.318,0.035,0.023,0.26,1.032,1823,979,190,153,9144,2802,0.456,0.245,0.048,0.038,2.286,0.701,716,371,73,61,3334,1087,0.456,0.236,0.046,0.039,2.122,0.692,652,429,60,65,1035,1081,0.464,0.306,0.043,0.046,0.737,0.77,45,44,12,7,147,89,0.208,0.203,0.055,0.032,0.68,0.411,5,15,1,2,100,20,0.573,1.72,0.115,0.229,11.468,2.294
20,90,"Provincia di Sassari",7691.749,162.985,183.741,248.487,2.119,2.389,3.231,478544,60707,12.686,323960,67.697,93877,19.617,24010,28025,34956,5.017,5.856,7.305,203100,10187,11937,14868,5.016,5.877,7.321,181827,7282,8809,10967,4.005,4.845,6.032,37748,2182,2779,3376,5.78,7.362,8.944,1920,89,101,125,4.635,5.26,6.51,59.315,430.021,823.98,509.836,0,489.336,0.771,5.591,10.713,6.628,0,6.362,2201,5806,25130,70961,0,8007,0.46,1.213,5.251,14.829,0,1.673,941,2509,10725,29496,0,3450,0.463,1.235,5.281,14.523,0,1.699,1200,3110,12172,30453,0,4310,0.66,1.71,6.694,16.748,0,2.37,126,303,1729,4822,0,429,0.334,0.803,4.58,12.774,0,1.136,51,132,262,253,0,183,2.656,6.875,13.646,13.177,0,9.531
20,91,"Provincia di Nuoro",5637.966,130.478,152.721,221.544,2.314,2.709,3.93,215165,27674,12.862,142453,66.206,45038,20.932,6262,10109,12087,2.91,4.698,5.618,89258,2621,4231,5073,2.936,4.74,5.684,95250,3085,4781,5891,3.239,5.019,6.185,14754,525,866,1012,3.558,5.87,6.859,819,28,33,45,3.419,4.029,5.495,163.949,583.505,991.941,972.402,0,747.454,2.908,10.35,17.594,17.247,0,13.258,2366,6927,43802,104149,0,9293,1.1,3.219,20.357,48.404,0,4.319,1035,2915,18546,42733,0,3950,1.16,3.266,20.778,47.876,0,4.425,1234,3491,21415,41119,0,4725,1.296,3.665,22.483,43.17,0,4.961,145,398,2724,7747,0,543,0.983,2.698,18.463,52.508,0,3.68,10,22,136,309,0,32,1.221,2.686,16.606,37.729,0,3.907
20,92,"Citta metropolitana di Cagliari",1248.66,96.694,113.979,248.589,7.744,9.128,19.908,420677,51966,12.353,290769,69.119,77942,18.528,16530,30881,100936,3.929,7.341,23.994,173751,6529,12233,39925,3.758,7.041,22.978,87694,4944,9039,26209,5.638,10.307,29.887,34463,1191,2149,6224,3.456,6.236,18.06,721,73,82,120,10.125,11.373,16.644,11.704,30.217,82.492,85.12,0,41.921,0.937,2.42,6.606,6.817,0,3.357,356,430,1611,3306,0,786,0.085,0.102,0.383,0.786,0,0.187,149,178,639,1241,0,327,0.086,0.102,0.368,0.714,0,0.188,56,116,545,1249,0,172,0.064,0.132,0.621,1.424,0,0.196,17,59,98,91,0,76,0.049,0.171,0.284,0.264,0,0.221,14,33,49,13,0,47,1.942,4.577,6.796,1.803,0,6.519
6,93,"Unità non amministrativa di Pordenone",2275.353,276.127,284.277,419.769,12.136,12.494,18.449,310811,43625,14.036,201475,64.822,65711,21.142,23087,23880,58480,7.428,7.683,18.815,129302,9359,9684,23676,7.238,7.489,18.311,101484,7071,7296,17144,6.968,7.189,16.893,24266,2188,2258,4999,9.017,9.305,20.601,826,170,170,203,20.581,20.581,24.576,35.676,5.653,1.643,4.18,0.222,41.329,1.568,0.248,0.072,0.184,0.01,1.816,204,145,30,747,128,349,0.066,0.047,0.01,0.24,0.041,0.112,96,75,17,311,58,171,0.074,0.058,0.013,0.241,0.045,0.132,210,219,46,402,109,429,0.207,0.216,0.045,0.396,0.107,0.423,13,8,1,52,10,21,0.054,0.033,0.004,0.214,0.041,0.087,0,10,0,1,2,10,0,1.211,0,0.121,0.242,1.211
14,94,"Provincia di Isernia",1535.156,18.066,63.399,67.032,1.177,4.13,4.366,87241,10203,11.695,57461,65.865,19577,22.44,628,2854,3113,0.72,3.271,3.568,35956,240,1057,1154,0.667,2.94,3.209,42768,259,952,1035,0.606,2.226,2.42,6717,39,207,226,0.581,3.082,3.365,2403,7,32,34,0.291,1.332,1.415,123.893,48.644,55.131,61.08,245.314,172.537,8.07,3.169,3.591,3.979,15.98,11.239,5893,1147,1916,729,6662,7040,6.755,1.315,2.196,0.836,7.636,8.07,2379,512,795,352,2743,2891,6.616,1.424,2.211,0.979,7.629,8.04,2681,777,1158,708,3647,3458,6.269,1.817,2.708,1.655,8.527,8.085,388,75,122,28,368,463,5.776,1.117,1.816,0.417,5.479,6.893,544,55,45,61,174,599,22.638,2.289,1.873,2.538,7.241,24.927
20,95,"Provincia di Oristano",2990.405,209.212,240.057,340.718,6.996,8.028,11.394,163031,18506,11.351,107547,65.967,36978,22.682,17933,24112,41784,11,14.79,25.629,65333,7025,9508,16605,10.753,14.553,25.416,83522,7488,9709,15523,8.965,11.624,18.586,10822,1709,2117,3820,15.792,19.562,35.298,685,89,98,144,12.993,14.307,21.022,15.402,105.835,129.242,133.237,0,121.237,0.515,3.539,4.322,4.455,0,4.054,95,449,3672,11965,0,544,0.058,0.275,2.252,7.339,0,0.334,46,196,1587,4761,0,242,0.07,0.3,2.429,7.287,0,0.37,145,466,3044,7382,0,611,0.174,0.558,3.645,8.838,0,0.732,8,31,188,694,0,39,0.074,0.286,1.737,6.413,0,0.36,4,13,47,46,0,17,0.584,1.898,6.861,6.715,0,2.482
1,96,"Provincia di Biella",913.268,23.723,38.035,59.359,2.598,4.165,6.5,182192,21457,11.777,113261,62.166,47474,26.057,3435,6217,15288,1.885,3.412,8.391,82412,1561,2803,6933,1.894,3.401,8.413,64895,1161,2023,4677,1.789,3.117,7.207,15973,397,730,1615,2.485,4.57,10.111,660,36,42,61,5.455,6.364,9.242,4.465,7.768,17.141,0,0,12.233,0.489,0.851,1.877,0,0,1.339,316,1195,2018,0,0,1511,0.173,0.656,1.108,0,0,0.829,142,540,924,0,0,682,0.172,0.655,1.121,0,0,0.828,153,645,1136,0,0,798,0.236,0.994,1.751,0,0,1.23,19,68,134,0,0,87,0.119,0.426,0.839,0,0,0.545,1,15,12,0,0,16,0.152,2.273,1.818,0,0,2.424
3,97,"Provincia di Lecco",805.601,82.834,86.845,113.981,10.282,10.78,14.149,334303,48447,14.492,217238,64.982,68618,20.526,5651,9287,63385,1.69,2.778,18.96,138242,2404,4011,26787,1.739,2.901,19.377,72899,1457,2255,14145,1.999,3.093,19.404,28153,579,1130,6900,2.057,4.014,24.509,825,61,87,196,7.394,10.545,23.758,67.937,15.442,37.295,0,0,83.379,8.433,1.917,4.629,0,0,10.35,1831,3534,54122,0,0,5365,0.548,1.057,16.19,0,0,1.605,796,1476,22895,0,0,2272,0.576,1.068,16.562,0,0,1.643,615,938,12044,0,0,1553,0.844,1.287,16.521,0,0,2.13,162,318,5985,0,0,480,0.575,1.13,21.259,0,0,1.705,17,23,134,0,0,40,2.061,2.788,16.242,0,0,4.848
3,98,"Provincia di Lodi",782.966,78.352,132.563,281.174,10.007,16.931,35.911,223755,32102,14.347,148262,66.261,43391,19.392,3496,6947,28900,1.562,3.105,12.916,92845,1453,2996,12282,1.565,3.227,13.228,41840,850,1829,7670,2.032,4.371,18.332,15870,287,549,1823,1.808,3.459,11.487,454,15,19,70,3.304,4.185,15.419,0,0,0,0,0,0,0,0,0,0,0,0,0,0,0,0,0,0,0,0,0,0,0,0,0,0,0,0,0,0,0,0,0,0,0,0,0,0,0,0,0,0,0,0,0,0,0,0,0,0,0,0,0,0,0,0,0,0,0,0,0,0,0,0,0,0,0,0,0,0,0,0
8,99,"Provincia di Rimini",865.014,79.606,144.403,157.768,9.203,16.694,18.239,321769,44768,13.913,208591,64.826,68410,21.261,85766,140297,160905,26.655,43.602,50.006,135516,36446,59446,68694,26.894,43.866,50.691,76860,17321,30192,34918,22.536,39.282,45.431,37787,9367,16920,20129,24.789,44.777,53.27,1178,49,120,175,4.16,10.187,14.856,93.642,95.068,1.125,0.042,0,188.71,10.825,10.99,0.13,0.005,0,21.816,1991,6085,323,0,0,8076,0.619,1.891,0.1,0,0,2.51,858,2532,141,0,0,3390,0.633,1.868,0.104,0,0,2.502,1071,2413,153,0,0,3484,1.393,3.139,0.199,0,0,4.533,175,539,23,0,0,714,0.463,1.426,0.061,0,0,1.89,60,187,3,0,0,247,5.093,15.874,0.255,0,0,20.968
9,100,"Provincia di Prato",365.663,27.48,40.148,87.487,7.515,10.98,23.926,245916,35143,14.291,159382,64.812,51391,20.898,27757,47741,204418,11.287,19.414,83.125,95967,10708,18171,79745,11.158,18.935,83.096,51490,6395,10631,39682,12.42,20.647,77.067,30260,2994,5475,26975,9.894,18.093,89.144,394,32,37,230,8.122,9.391,58.376,2.748,20.769,44.229,170.364,7.126,23.517,0.752,5.68,12.096,46.59,1.949,6.431,285,1517,11588,22644,229,1802,0.116,0.617,4.712,9.208,0.093,0.733,112,638,4442,9019,111,750,0.117,0.665,4.629,9.398,0.116,0.782,103,736,2910,6748,277,839,0.2,1.429,5.652,13.105,0.538,1.629,12,95,771,1650,13,107,0.04,0.314,2.548,5.453,0.043,0.354,0,0,19,85,0,0,0,0,4.822,21.574,0,0
18,101,"Provincia di Crotone",1735.653,410.268,416.112,421.478,23.638,23.974,24.284,170803,27415,16.051,113680,66.556,29708,17.393,25279,30622,34437,14.8,17.928,20.162,64270,9188,11140,12520,14.296,17.333,19.48,70280,8362,9207,10189,11.898,13.1,14.498,9597,1213,1717,1920,12.639,17.891,20.006,303,25,27,34,8.251,8.911,11.221,7.36,6.757,10.749,0.676,19.85,14.117,0.424,0.389,0.619,0.039,1.144,0.813,1674,2183,1725,19,3337,3857,0.98,1.278,1.01,0.011,1.954,2.258,680,861,664,9,1251,1541,1.058,1.34,1.033,0.014,1.946,2.398,992,1041,808,19,1217,2033,1.411,1.481,1.15,0.027,1.732,2.893,63,98,113,0,112,161,0.656,1.021,1.177,0,1.167,1.678,2,8,0,0,1,10,0.66,2.64,0,0,0.33,3.3
18,102,"Provincia di Vibo Valentia",1150.62,161.189,161.575,163.7,14.009,14.042,14.227,163409,24132,14.768,107976,66.077,31301,19.155,19092,19258,20379,11.684,11.785,12.471,62917,7308,7377,7841,11.615,11.725,12.462,80881,8634,8750,9316,10.675,10.818,11.518,9608,1021,1032,1121,10.627,10.741,11.667,628,111,115,128,17.675,18.312,20.382,10.294,17.328,23.911,0.351,3.746,27.622,0.895,1.506,2.078,0.031,0.326,2.401,1194,2139,3516,194,377,3333,0.731,1.309,2.152,0.119,0.231,2.04,502,859,1363,75,144,1361,0.798,1.365,2.166,0.119,0.229,2.163,860,1338,1819,144,235,2198,1.063,1.654,2.249,0.178,0.291,2.718,52,112,153,14,15,164,0.541,1.166,1.592,0.146,0.156,1.707,22,33,8,0,0,55,3.503,5.255,1.274,0,0,8.758
1,103,"Provincia di Verbano-Cusio-Ossola",2260.887,118.288,155.44,191.32,5.232,6.875,8.462,160264,19486,12.159,102124,63.722,38654,24.119,5836,24551,69685,3.641,15.319,43.481,72868,2660,11046,31482,3.65,15.159,43.204,71410,2362,9044,21345,3.308,12.665,29.891,13490,677,2366,6902,5.019,17.539,51.164,1270,127,263,431,10,20.709,33.937,55.387,58.336,28.4,0,0,113.723,2.45,2.58,1.256,0,0,5.03,12619,12236,33501,0,0,24855,7.874,7.635,20.904,0,0,15.509,5654,5534,15248,0,0,11188,7.759,7.595,20.926,0,0,15.354,4153,5020,8831,0,0,9173,5.816,7.03,12.367,0,0,12.846,808,926,3310,0,0,1734,5.99,6.864,24.537,0,0,12.854,69,103,199,0,0,172,5.433,8.11,15.669,0,0,13.543
3,108,"Provincia di Monza e della Brianza",405.408,4.283,12.456,19.266,1.056,3.072,4.752,840129,122445,14.575,550037,65.471,167647,19.955,4683,26062,48776,0.557,3.102,5.806,349694,1958,11156,20856,0.56,3.19,5.964,123881,654,3625,6147,0.528,2.926,4.962,73608,346,2839,4388,0.47,3.857,5.961,632,20,68,78,3.165,10.759,12.342,0.016,0.027,0.006,0,0,0.043,0.004,0.007,0.001,0,0,0.011,24,2,0,0,0,26,0.003,0,0,0,0,0.003,10,1,0,0,0,11,0.003,0,0,0,0,0.003,4,0,0,0,0,4,0.003,0,0,0,0,0.003,2,0,0,0,0,2,0.003,0,0,0,0,0.003,0,0,0,0,0,0,0,0,0,0,0,0
11,109,"Provincia di Fermo",862.753,-1,33.484,85.16,-1,3.881,9.871,174857,22770,13.022,111382,63.699,40705,23.279,-1,8298,58359,-1,4.746,33.375,68706,-1,3544,23875,-1,5.158,34.75,45280,-1,2123,11730,-1,4.689,25.905,17628,-1,1169,6284,-1,6.631,35.648,2566,-1,126,526,-1,4.91,20.499,2.24,64.126,80.857,51.368,0,66.366,0.26,7.433,9.372,5.954,0,7.692,246,2952,8161,5649,0,3198,0.141,1.688,4.667,3.231,0,1.829,103,1149,3124,2192,0,1252,0.15,1.672,4.547,3.19,0,1.822,102,1182,2310,1473,0,1284,0.225,2.61,5.102,3.253,0,2.836,20,277,692,502,0,297,0.113,1.571,3.926,2.848,0,1.685,56,131,136,23,0,187,2.182,5.105,5.3,0.896,0,7.288
16,110,"Provincia di Barletta-Andria-Trani",1542.99,87.974,120.962,130.964,5.702,7.839,8.488,391723,64165,16.38,263222,67.196,64336,16.424,7281,14904,16004,1.859,3.805,4.086,138318,2526,5191,5562,1.826,3.753,4.021,63736,941,2135,2436,1.476,3.35,3.822,26767,733,1203,1259,2.738,4.494,4.704,670,28,42,42,4.179,6.269,6.269,1.417,1.21,3.116,0.709,0,2.627,0.092,0.078,0.202,0.046,0,0.17,2911,7792,4307,0,0,10703,0.743,1.989,1.1,0,0,2.732,1118,2913,1607,0,0,4031,0.808,2.106,1.162,0,0,2.914,607,2832,931,1,0,3439,0.952,4.443,1.461,0.002,0,5.396,185,611,233,0,0,796,0.691,2.283,0.87,0,0,2.974,10,52,13,0,0,62,1.493,7.761,1.94,0,0,9.254
20,111,"Provincia di Sud Sardegna",6530.673,227.53,283.47,617.07,3.484,4.341,9.449,361945,41549,11.479,245387,67.797,75009,20.724,13750,29836,79130,3.799,8.243,21.862,145335,5840,12452,31880,4.018,8.568,21.936,155941,6775,13121,31464,4.345,8.414,20.177,19801,1006,1943,4330,5.081,9.813,21.868,1445,73,118,226,5.052,8.166,15.64,90.976,158.41,590.14,506.722,0,249.386,1.393,2.426,9.036,7.759,0,3.819,1878,1442,6827,41417,0,3320,0.519,0.398,1.886,11.443,0,0.917,804,624,3059,17189,0,1428,0.553,0.429,2.105,11.827,0,0.983,1094,1154,4983,20835,0,2248,0.702,0.74,3.195,13.361,0,1.442,161,87,420,2501,0,248,0.813,0.439,2.121,12.631,0,1.252,22,23,77,142,0,45,1.522,1.592,5.329,9.827,0,3.114